연번 ,업소명(상호),영업장소재지,경도,위도,위생등급,지정번호,관할기관,지정일자
4,부평동 커피공장,부산광역시 중구 부평2길 28(1층 부평동1가),129.0265344,35.10067615,매우우수,HG220008762,부산광역시 중구,2022-10-13
9,인생아구찜,부산광역시 중구 복병산길 6(대청동1가),129.0319738,35.10321694,매우우수,HG230009021,부산광역시 중구,2023-11-15
10,남포설렁탕,부산광역시 중구 구덕로34번길 5(1층 남포동2가),129.0320454,35.09846593,매우우수,HG220008664,부산광역시 중구,2022-10-12
11,용두산 산수정,부산광역시 중구 광복로 67(2층 광복동2가),129.0324802,35.09902109,우수,HG220008707,부산광역시 중구,2022-10-12
12,돌배기집 부산중앙동점,부산광역시 중구 대청로 127(1층 동광동4가),129.0337922,35.10303016,우수,HG220002776,부산광역시 중구,2022-04-22
13,샤브진,"부산광역시 중구 중앙대로 2(지하1층 중앙동7가, 롯데백화점광복점 식품관)",129.0367048,35.09830894,매우우수,HG220008735,부산광역시 중구,2022-10-12
14,반반식당,"부산광역시 중구 중앙대로 2(지하1층 중앙동7가, 롯데백화점)",129.0367048,35.09830894,매우우수,HG220010847,부산광역시 중구,2022-12-09
15,모시모시,부산광역시 중구 중앙대로 2(롯데백화점광복점 지상10층 중앙동7가),129.0367048,35.09830894,매우우수,HG190002805,부산광역시 중구,2021-12-27
16,가홍치킨(광복점),부산광역시 중구 중앙대로 2(롯데백화점광복점 지하 1층 중앙동7가),129.0367048,35.09830894,매우우수,HG200009478,부산광역시 중구,2022-12-08
17,경복궁불고기광복점(주)덕용푸드시스템,부산광역시 중구 중앙대로 2(롯데백화점광복점 본관10층 중앙동7가),129.0367048,35.09830894,매우우수,HG230000551,부산광역시 중구,2023-02-16
18,풍원장 롯데광복점,부산광역시 중구 중앙대로 2(롯데백화점광복점 10층 중앙동7가),129.0367048,35.09830894,매우우수,HG220000913,부산광역시 중구,2022-02-17
19,로카보어테이블 광복점,부산광역시 중구 중앙대로 2(롯데백화점광복점 지하1층 중앙동7가),129.0367048,35.09830894,매우우수,HG230006621,부산광역시 중구,2023-09-06
20,류센소,부산광역시 중구 중앙대로 2(롯데백화점광복점 지하 1층 중앙동7가),129.0367048,35.09830894,매우우수,HG220008667,부산광역시 중구,2022-10-12
21,어보 광복점,부산광역시 중구 중앙대로 2(롯데백화점광복점 10층 중앙동7가),129.0367048,35.09830894,매우우수,HG230006567,부산광역시 중구,2023-09-05
22,수수하지만굉장해롯데광복점,부산광역시 중구 중앙대로 2(롯데백화점광복점 지하1층 중앙동7가),129.0367048,35.09830894,매우우수,HG230002864,부산광역시 중구,2023-05-16
23,딘타이펑코리아 부산광복점,부산광역시 중구 중앙대로 2(롯데백화점광복점 지하1층 중앙동7가),129.0367048,35.09830894,매우우수,HG230006619,부산광역시 중구,2023-09-06
24,차이(Chai)797 롯데광복점,부산광역시 중구 중앙대로 2(롯데백화점광복점 중앙동7가),129.0367048,35.09830894,매우우수,HG230001402,부산광역시 중구,2023-03-23
26,샤브보트 롯데백화점광복점,부산광역시 중구 중앙대로 2(롯데백화점광복점 10층 중앙동7가),129.0367048,35.09830894,매우우수,HG230006568,부산광역시 중구,2023-09-05
29,홍대개미 롯데백화점광복점,"부산광역시 중구 중앙대로 2(지하1층 중앙동7가, 롯데백화점광복점)",129.0367048,35.09830894,매우우수,HG220005094,부산광역시 중구,2022-07-01
30,집밥이좋다 광복점,부산광역시 중구 중앙대로 2(롯데백화점광복점 지하1층 중앙동7가),129.0367048,35.09830894,매우우수,HG230002822,부산광역시 중구,2023-05-16
31,명품 칼제비,부산광역시 중구 중앙대로 2(롯데백화점광복점 지하1층 중앙동7가),129.0367048,35.09830894,매우우수,HG230006566,부산광역시 중구,2023-09-05
35,퍼틴 롯데백화점 광복점,부산광역시 중구 중앙대로 2(롯데백화점광복점 지하1층 중앙동7가),129.0367048,35.09830894,매우우수,HG230002873,부산광역시 중구,2023-05-16
36,황생가 칼국수 롯데백화점 광복점,부산광역시 중구 중앙대로 2(롯데백화점광복점 지하1층 중앙동7가),129.0367048,35.09830894,매우우수,HG230002815,부산광역시 중구,2023-05-16
37,델리커리 롯데백화점광복점,부산광역시 중구 중앙대로 2(롯데백화점광복점 4층 중앙동7가),129.0367048,35.09830894,매우우수,HG230006553,부산광역시 중구,2023-09-05
38,라온롯데백화점광복점,부산광역시 중구 중앙대로 2(롯데백화점광복점 지하1층 중앙동7가),129.0367048,35.09830894,우수,HG230006620,부산광역시 중구,2023-09-06
42,"떡볶이 참 잘하는 집, 떡참 부산대신점",부산광역시 서구 부용로 15-1(서대신동1가),129.0172422,35.10844356,매우우수,HG210010779,부산광역시 서구,2021-11-19
52,꼬기만땅 점보비빔밥,부산광역시 서구 흑교로109번길 6(1층 부용동1가),129.0206849,35.10743206,매우우수,HG230008967,부산광역시 서구,2023-11-14
56,목촌돼지국밥 부산역점,부산광역시 동구 중앙대로179번길 27(부산역 삼정그린코아 더시티 B101호 초량동),129.0372274,35.11356521,매우우수,HG230008535,부산광역시 동구,2023-11-09
57,신발원 신관,부산광역시 동구 대영로243번길 64(초량동),129.0387469,35.11487724,매우우수,HG230002951,부산광역시 동구,2023-05-22
58,동백국수집,부산광역시 동구 홍곡남로18번길 14(1층 수정동),129.039388,35.12560741,매우우수,HG230002090,부산광역시 동구,2023-04-17
62,본 도시락(부산역점),"부산광역시 동구 중앙대로196번길 6-5(초량동,1층)",129.0400516,35.11395562,매우우수,HG180001297,부산광역시 동구,2022-12-26
64,블랙웍,"부산광역시 동구 중앙대로 297(초량동, 2층)",129.0437133,35.12322656,매우우수,HG210000863,부산광역시 동구,2023-02-23
66,양산국밥,부산광역시 동구 중앙대로 206(초량동),129.0450567,35.11760826,매우우수,HG220000028,부산광역시 동구,2022-01-12
67,부산역1층 복순도가,부산광역시 동구 중앙대로 206(1층 초량동),129.0450567,35.11760826,매우우수,HG230008490,부산광역시 동구,2023-11-09
68,산동완탕교자관,"부산광역시 동구 중앙대로296번길 11(1층 101,102호 초량동, 장원하이드파크)",129.0452749,35.12265421,우수,HG230005479,부산광역시 동구,2023-08-07
70,나베야,부산광역시 동구 고관로 133-1(수정동),129.0479514,35.13032,우수,HG230002950,부산광역시 동구,2023-05-22
73,어보 범일점,부산광역시 동구 범일로 125(현대백화점 부산점 9층 범일동),129.0585722,35.14130573,매우우수,HG210009113,부산광역시 동구,2023-09-23
74,전주선비빔,"부산광역시 동구 범일로 125(지하2층 범일동, 현대백화점)",129.0585722,35.14130573,매우우수,HG190001237,부산광역시 동구,2023-09-24
75,메이루,"부산광역시 동구 범일로 125(지하2층호 범일동, 현대백화점)",129.0585722,35.14130573,매우우수,HG190001210,부산광역시 동구,2023-09-24
78,이태리경양식,부산광역시 동구 조방로 14(동일타워 2층 판매2-219호 범일동),129.0634548,35.13873,매우우수,HG230003062,부산광역시 동구,2023-05-25
79,39아구찜,부산광역시 동구 정공단로 39(1층 좌천동),129.0548834,35.1360828,매우우수,HG220001299,부산광역시 동구,2022-03-07
81,(주)부산랑만,부산광역시 동구 범일로 125(현대백화점 부산점 9층 범일동),129.0585722,35.14130573,매우우수,HG220008542,부산광역시 동구,2022-10-06
84,도담샤브 현대백화점 부산점,부산광역시 동구 범일로 125(현대백화점 부산점 9층 범일동),129.0585722,35.14130573,매우우수,HG220008298,부산광역시 동구,2022-09-30
85,본 설렁탕 부산 범일점,부산광역시 동구 조방로 14(동일타워 2층 204호 범일동),129.0634548,35.13873,매우우수,HG220000796,부산광역시 동구,2022-02-14
92,목장원,부산광역시 영도구 절영로 355(2층 동삼동),129.0573635,35.07163803,매우우수,HG210001097,부산광역시 영도구,2023-03-02
93,영도스타코,"부산광역시 영도구 와치로51번길 1-1(1,2층 청학동)",129.0608911,35.08832823,매우우수,HG220009954,부산광역시 영도구,2022-11-14
96,배통 부산 영도1호점,부산광역시 영도구 중리북로41번길 29(동삼동),129.0684202,35.07283902,좋음,HG220007219,부산광역시 영도구,2022-08-30
98,스텔라떡볶이(부산영도점),"부산광역시 영도구 중리로 46-16(동삼동,경진빌딩 101호)",129.0690832,35.0749064,매우우수,HG230004608,부산광역시 영도구,2023-07-10
100,선림,부산광역시 영도구 태종로 730(1층 7호 동삼동),129.0790956,35.07086946,우수,HG230001599,부산광역시 영도구,2023-03-30
101,피자알뽀르또(PIZZA AL PORTO),부산광역시 영도구 동삼오션로 30(150호 동삼동),129.0838231,35.06853769,매우우수,HG230004607,부산광역시 영도구,2023-07-10
102,호지면,부산광역시 영도구 동삼오션로 30(162호 동삼동),129.0838231,35.06853769,매우우수,HG230007377,부산광역시 영도구,2023-10-04
104,카페마렌 청학마루점,부산광역시 영도구 청학남로13번길 18(어울림마당 3층 청학동),129.0594969,35.0907562,우수,HG220003555,부산광역시 영도구,2022-05-19
105,올리버 다이너,부산광역시 영도구 와치로27번길 19(1층 청학동),129.0592534,35.08973974,매우우수,HG220009989,부산광역시 영도구,2022-11-14
110,바른치킨 부산가야점,부산광역시 부산진구 엄광로 62(개금동),129.0229353,35.14787695,매우우수,HG220003466,부산광역시 부산진구,2022-05-16
113,"주식회사냉수탕가든(1,3,4,5,6호동)","부산광역시 부산진구 가야공원로 107(가야동,외1필지 산41-1)",129.0285758,35.14435875,매우우수,HG210002066,부산광역시 부산진구,2023-03-30
115,치킨신드롬 개금점,"부산광역시 부산진구 가야대로 538(상가1동 102호 가야동, 가야롯데캐슬골드아너)",129.0306407,35.1531929,매우우수,HG230002810,부산광역시 부산진구,2023-05-16
118,킹프레소(동의대점),부산광역시 부산진구 가야대로552번길 119(1층 가야동),129.0339863,35.14871145,좋음,HG210010983,부산광역시 부산진구,2021-11-25
120,부경밀면 전문점,부산광역시 부산진구 당감서로 67-1(1층 당감동),129.0365286,35.16655536,매우우수,HG220001350,부산광역시 부산진구,2022-03-07
122,비스트로피자 부산서면점,"부산광역시 부산진구 백양대로78번길 22-7(1층 101호 당감동, 신화빌리지)",129.0408968,35.16306551,매우우수,HG220011006,부산광역시 부산진구,2022-12-12
125,카츠래요,부산광역시 부산진구 백양순환로 155-1(1층 부암동),129.0415376,35.16682782,매우우수,HG230003852,부산광역시 부산진구,2023-06-16
127,메르시마담,부산광역시 부산진구 초읍천로 103-1(초읍동),129.0458874,35.18160917,매우우수,HG220000575,부산광역시 부산진구,2022-02-03
130,찌웅이네숯불두마리치킨(진구1호점),부산광역시 부산진구 성지로137번길 62(1층 초읍동),129.0515038,35.17952334,좋음,HG230005557,부산광역시 부산진구,2023-08-07
131,백운면,"부산광역시 부산진구 동평로235번길 21(1층 104호 연지동, 삼선빌라)",129.0520063,35.17082054,매우우수,HG230005480,부산광역시 부산진구,2023-08-07
132,열정국밥,부산광역시 부산진구 부전로111번길 26(부전동),129.0532273,35.15995715,매우우수,HG230005318,부산광역시 부산진구,2023-07-31
136,킹프레소 서면점,"부산광역시 부산진구 신암로 66(1층 108호 범천동, 범천엘에이치아파트)",129.0547881,35.14738714,매우우수,HG210011030,부산광역시 부산진구,2021-11-25
138,정동진해물탕해물찜,"부산광역시 부산진구 서면문화로 37(부전동, 정동진해물탕2~3층)",129.0554398,35.16044265,매우우수,HG210000374,부산광역시 부산진구,2023-01-28
139,채육식당 부산서면점,부산광역시 부산진구 부전로 33-1(트리니티호텔 2층 부전동),129.0558404,35.15323702,우수,HG220005664,부산광역시 부산진구,2022-07-14
140,모모야마무궁화,"부산광역시 부산진구 가야대로 772(지상41층 부전동, 부산롯데호텔)",129.0564133,35.15679253,매우우수,HG180000074,부산광역시 부산진구,2022-02-21
141,홍대개미 롯데백화점 부산본점,"부산광역시 부산진구 가야대로 772(지하2층 부전동, 롯데백화점)",129.0564133,35.15679253,매우우수,HG220004899,부산광역시 부산진구,2022-06-27
142,페이페이롯데백화점부산본점,"부산광역시 부산진구 가야대로 772(지하2층 부전동, 롯데백화점)",129.0564133,35.15679253,매우우수,HG210005149,부산광역시 부산진구,2023-06-14
143,아모제푸드(주) 카페아모제 부산서면점,"부산광역시 부산진구 가야대로 772(지하2층 부전동, 롯데백화점 부산본점)",129.0564133,35.15679253,우수,HG200000638,부산광역시 부산진구,2022-02-27
144,시마스시,"부산광역시 부산진구 가야대로 772(지하2층 부전동, 롯데백화점)",129.0564133,35.15679253,매우우수,HG210006961,부산광역시 부산진구,2023-07-26
145,도림,"부산광역시 부산진구 가야대로 772(지상41층 부전동, 부산롯데호텔)",129.0564133,35.15679253,매우우수,HG200000598,부산광역시 부산진구,2022-02-25
147,함경면옥,부산광역시 부산진구 부전로66번길 32(부전동),129.0563996,35.15573801,매우우수,HG210011179,부산광역시 부산진구,2021-11-30
148,롯데컬처웍스(주)롯데시네마부산본점스위트샵,부산광역시 부산진구 가야대로 772(10층 부전동),129.0564133,35.15679253,매우우수,HG210005195,부산광역시 부산진구,2023-06-14
149,후지소바서면점,부산광역시 부산진구 가야대로 772(지하2층 부전동),129.0564133,35.15679253,매우우수,HG230004073,부산광역시 부산진구,2023-06-22
150,치면식당,부산광역시 부산진구 가야대로 772(롯데백화점부산본점 지하2층 부전동),129.0564133,35.15679253,우수,HG200000655,부산광역시 부산진구,2022-02-27
151,히바린롯데부산본점,부산광역시 부산진구 가야대로 772(지하1층 부전동),129.0564133,35.15679253,매우우수,HG200000666,부산광역시 부산진구,2022-02-27
152,크리스탈제이드 서면점,부산광역시 부산진구 가야대로 772(롯데백화점부산본점 9층 부전동),129.0564133,35.15679253,매우우수,HG200000617,부산광역시 부산진구,2022-02-27
153,바르미 한정식샤브,부산광역시 부산진구 가야대로 772(9층 부전동),129.0564133,35.15679253,매우우수,HG230006005,부산광역시 부산진구,2023-08-21
154,갓텐스시 롯데백화점부산본점,부산광역시 부산진구 가야대로 772(롯데백화점부산본점 지하1층 부전동),129.0564133,35.15679253,매우우수,HG220007162,부산광역시 부산진구,2022-08-29
155,연남토마롯데백화점부산본점,부산광역시 부산진구 가야대로 772(롯데백화점부산본점 9층 부전동),129.0564133,35.15679253,매우우수,HG230003916,부산광역시 부산진구,2023-06-19
156,진가와 부산본점,부산광역시 부산진구 가야대로 772(9층 부전동),129.0564133,35.15679253,매우우수,HG230004168,부산광역시 부산진구,2023-06-26
157,에머이(emoi)롯데서면점,"부산광역시 부산진구 가야대로 772(지하1층 부전동, 롯데백화점 부산본점)",129.0564133,35.15679253,매우우수,HG180001257,부산광역시 부산진구,2022-12-21
158,차이797롯데부산본점,부산광역시 부산진구 가야대로 772(지하1층 부전동),129.0564133,35.15679253,매우우수,HG200000634,부산광역시 부산진구,2022-02-27
159,라세느2,"부산광역시 부산진구 가야대로 772(5층 부전동, 부산롯데호텔)",129.0564133,35.15679253,매우우수,HG170000633,부산광역시 부산진구,2021-12-12
160,영빈루주식회사,"부산광역시 부산진구 가야대로 772(지하2층 부전동, 롯데백화점 부산본점)",129.0564133,35.15679253,매우우수,HG210005206,부산광역시 부산진구,2023-06-14
161,탄탄면공방부산롯데서면점,"부산광역시 부산진구 가야대로 772(지하1층 부전동, 롯데백화점)",129.0564133,35.15679253,매우우수,HG220010897,부산광역시 부산진구,2022-12-09
162,T.G.I.F 롯데백화점부산본점,"부산광역시 부산진구 가야대로 772(지상9층 부전동, 롯데백화점)",129.0564133,35.15679253,매우우수,HG180000996,부산광역시 부산진구,2022-11-05
163,번패티번 롯데백화점 부산본점,"부산광역시 부산진구 가야대로 772(지하1층 부전동, 롯데백화점부산본점)",129.0564133,35.15679253,매우우수,HG220007341,부산광역시 부산진구,2022-09-01
165,나미나미,부산광역시 부산진구 서면로 20(1층 부전동),129.0581774,35.15233324,매우우수,HG230000193,부산광역시 부산진구,2023-01-20
167,리미니 서면PEER점,"부산광역시 부산진구 중앙대로 664(1층 101호 부전동, 이랜드 PEER 서면)",129.0595996,35.15197826,매우우수,HG230001041,부산광역시 부산진구,2023-03-14
168,쉐이크쉑 서면,부산광역시 부산진구 중앙대로 672(서면피에스타 1층 110호 부전동),129.0596019,35.15300583,매우우수,HG220008261,부산광역시 부산진구,2022-09-29
169,정성담은,부산광역시 부산진구 범일로 148(신부산학원 지상1층 범천동),129.0595846,35.14321684,매우우수,HG220009604,부산광역시 부산진구,2022-11-03
172,가련한부엌,부산광역시 부산진구 서전로10번길 22-6(지상1층 부전동),129.0601042,35.15703066,좋음,HG230005304,부산광역시 부산진구,2023-07-31
174,철인7호,부산광역시 부산진구 서전로10번길 31-3(1층 부전동),129.0601403,35.15642641,매우우수,HG220000552,부산광역시 부산진구,2022-02-03
175,슬림비빔밥,부산광역시 부산진구 중앙대로680번가길 33-9(1층 부전동),129.0601964,35.15483045,좋음,HG230008136,부산광역시 부산진구,2023-10-30
176,프릭스버거 부산서면점,부산광역시 부산진구 중앙대로680번가길 15(1층 부전동),129.0606483,35.15413242,매우우수,HG230004163,부산광역시 부산진구,2023-06-26
177,켄코,부산광역시 부산진구 자유평화로 15(2층 201호 범천동),129.0615281,35.14161335,매우우수,HG230005798,부산광역시 부산진구,2023-08-11
179,막이오름부산서면점,부산광역시 부산진구 중앙대로680번가길 80-16(2층 부전동),129.0614497,35.15668535,좋음,HG220002201,부산광역시 부산진구,2022-04-06
180,더만족 서면점,부산광역시 부산진구 서전로9번길 47(1층 부전동),129.0614786,35.15974983,우수,HG220005458,부산광역시 부산진구,2022-07-11
182,양산도 서면본점,부산광역시 부산진구 동천로 58(A동 1층 102호 전포동),129.0625773,35.15393522,매우우수,HG220003009,부산광역시 부산진구,2022-04-29
183,롯데컬처웍스(주)롯데시네마서면,부산광역시 부산진구 동천로 92(지상6층 전포동),129.0630128,35.15703218,매우우수,HG210005219,부산광역시 부산진구,2023-06-14
184,(주)시민장례식장,부산광역시 부산진구 자유평화로 31(지하1층 범천동),129.0630095,35.14160936,매우우수,HG230004947,부산광역시 부산진구,2023-07-19
185,반궁서면엔씨점,"부산광역시 부산진구 동천로 92(5층 전포동, 엔씨백화점)",129.0630128,35.15703218,매우우수,HG220002321,부산광역시 부산진구,2022-04-11
186,로운엔씨서면점,"부산광역시 부산진구 동천로 92(6층 전포동, 엔씨)",129.0630128,35.15703218,매우우수,HG220002340,부산광역시 부산진구,2022-04-11
187,피자몰엔씨서면점,"부산광역시 부산진구 동천로 92(6층 전포동, 엔씨)",129.0630128,35.15703218,매우우수,HG220002313,부산광역시 부산진구,2022-04-11
188,테루엔씨(NC)서면점,"부산광역시 부산진구 동천로 92(전포동, 지상5층일부)",129.0630128,35.15703218,매우우수,HG220002328,부산광역시 부산진구,2022-04-11
189,자연별곡엔씨서면점,"부산광역시 부산진구 동천로 92(5층 전포동, 엔씨)",129.0630128,35.15703218,매우우수,HG220002302,부산광역시 부산진구,2022-04-11
190,애슐리퀸즈엔씨서면점,"부산광역시 부산진구 동천로 92(5층 전포동, 엔씨)",129.0630128,35.15703218,우수,HG220002341,부산광역시 부산진구,2022-04-11
191,스시투어,부산광역시 부산진구 동천로 92(엔씨서면점 6층 전포동),129.0630128,35.15703218,매우우수,HG220002344,부산광역시 부산진구,2022-04-11
192,케이에프씨부산지오21,"부산광역시 부산진구 동천로 4(1층 1013,1014,1015호 전포동, 지오플레이스)",129.0639784,35.14943396,매우우수,HG230001083,부산광역시 부산진구,2023-03-14
193,샐러드마비에(SALAD MAVIE),부산광역시 부산진구 서전로46번길 85(1층 전포동),129.0649574,35.15381514,매우우수,HG230001573,부산광역시 부산진구,2023-03-30
195,'sTicket(스티켓),부산광역시 부산진구 서전로68번길 38-6(1층 일부 전포동),129.0669548,35.15632144,매우우수,HG230006044,부산광역시 부산진구,2023-08-23
196,덕수파스타 전포,부산광역시 부산진구 서전로68번길 131(1층 전포동),129.0673686,35.15187392,매우우수,HG230007395,부산광역시 부산진구,2023-10-04
198,리풀,부산광역시 부산진구 동성로87번길 7(1층 우측호 전포동),129.0677687,35.15813507,매우우수,HG230001034,부산광역시 부산진구,2023-03-14
208,하삼동 부암점,부산광역시 부산진구 백양산로 55(백양상가 1층 102호 부암동),129.0307914,35.17380652,매우우수,HG230005003,부산광역시 부산진구,2023-07-20
210,카렌부산서면점,부산광역시 부산진구 가야대로 772(지하1층 부전동),129.0564133,35.15679253,매우우수,HG230003918,부산광역시 부산진구,2023-06-19
211,스테이크어스NC서면점,부산광역시 부산진구 동천로 92(엔씨백화점 6층 전포동),129.0630128,35.15703218,매우우수,HG220002342,부산광역시 부산진구,2022-04-11
212,아이핫팟서면점,"부산광역시 부산진구 가야대로 772(지하1층 부전동, 롯데백화점)",129.0564133,35.15679253,매우우수,HG220010868,부산광역시 부산진구,2022-12-09
214,토끼정,"부산광역시 부산진구 가야대로 772(지하1층 부전동, 롯데백화점부산본점)",129.0564133,35.15679253,매우우수,HG230003919,부산광역시 부산진구,2023-06-19
215,라화쿵부부산서면점,부산광역시 부산진구 가야대로 772(지하2층 부전동),129.0564133,35.15679253,매우우수,HG210006993,부산광역시 부산진구,2023-07-26
216,용호동낙지 롯데부산점,부산광역시 부산진구 가야대로 772(롯데백화점부산본점 지하1층 부전동),129.0564133,35.15679253,매우우수,HG210004954,부산광역시 부산진구,2023-06-08
217,청와정,"부산광역시 부산진구 동평로44번길 55(2,3층 당감동)",129.0360909,35.16407126,매우우수,HG220010663,부산광역시 부산진구,2022-12-05
220,양산도 롯데백화점부산본점,부산광역시 부산진구 가야대로 772(9층 부전동),129.0564133,35.15679253,매우우수,HG200004425,부산광역시 부산진구,2022-07-15
221,강산면옥부산지점,부산광역시 부산진구 가야대로 772(9층 부전동),129.0564133,35.15679253,매우우수,HG200000621,부산광역시 부산진구,2022-02-27
228,피자덕,부산광역시 부산진구 서전로 70-1(1층 전포동),129.0674551,35.15765109,우수,HG220004857,부산광역시 부산진구,2022-06-27
229,인생아구찜 부산진구점,"부산광역시 부산진구 엄광로250번길 4(C동 101호 가야동, 금동빌라)",129.0384041,35.15263075,매우우수,HG230006477,부산광역시 부산진구,2023-09-01
230,바른치킨 부산당감점,부산광역시 부산진구 백양순환로17번길 5-2(1층 당감동),129.0327391,35.16636242,매우우수,HG220010785,부산광역시 부산진구,2022-12-08
231,매드포갈릭 롯데부산본점,부산광역시 부산진구 가야대로 772(롯데백화점부산본점 9층 부전동),129.0564133,35.15679253,매우우수,HG220007314,부산광역시 부산진구,2022-08-31
232,샐픽(salpick),부산광역시 부산진구 가야대로507번길 164(3층 가야동),129.034872,35.15624857,매우우수,HG220001342,부산광역시 부산진구,2022-03-07
235,와썹피자,부산광역시 부산진구 전포대로276번길 15(2층 전포동),129.0662864,35.16144724,매우우수,HG220001222,부산광역시 부산진구,2022-03-02
236,가마솥골목통닭,부산광역시 동래구 사직북로63번길 55(사직동),129.0582083,35.19786221,매우우수,HG230005012,부산광역시 동래구,2023-07-21
237,하루엔소쿠 사직점,부산광역시 동래구 사직북로19번길 40(1층 101호 사직동),129.058256,35.19730293,매우우수,HG230000263,부산광역시 동래구,2023-01-27
238,팔복통닭,부산광역시 동래구 사직로58번길 33-6(1~3층 사직동),129.0587574,35.19701911,매우우수,HG210011436,부산광역시 동래구,2021-12-09
243,불로닭발,"부산광역시 동래구 사직북로 4(사직동 자이언츠 파크 1층 117,118,119호 사직동)",129.0613611,35.19626616,매우우수,HG230005315,부산광역시 동래구,2023-07-31
244,정직유부 사직야구장,부산광역시 동래구 사직로 45(사직구장 2층 C4-1호 사직동),129.0598874,35.1944042,매우우수,HG230002667,부산광역시 동래구,2023-05-08
247,유부부 사직미남점,부산광역시 동래구 아시아드대로 147(1층 사직동),129.0652215,35.19756627,매우우수,HG220000514,부산광역시 동래구,2022-01-28
249,(주)장례식장 아시아드식당,부산광역시 동래구 여고로 42(6층 사직동),129.0686095,35.19549925,매우우수,HG220001944,부산광역시 동래구,2022-03-28
256,주식회사세연정,부산광역시 동래구 충렬대로 149(온천동),129.0769402,35.20517834,매우우수,HG210011492,부산광역시 동래구,2021-12-13
257,미스터스시 동래점,부산광역시 동래구 중앙대로1381번길 11(온천동),129.0772311,35.21056602,좋음,HG190000122,부산광역시 동래구,2023-02-25
258,부산면가,부산광역시 동래구 중앙대로 1393(롯데백화점 지하1층 온천동),129.0774768,35.21170859,매우우수,HG220001704,부산광역시 동래구,2022-03-22
259,한끼닭칼국수 롯데백화점 동래점,부산광역시 동래구 중앙대로 1393(8층 온천동),129.0774768,35.21170859,매우우수,HG230003818,부산광역시 동래구,2023-06-16
260,차이홍,"부산광역시 동래구 중앙대로 1393(온천동, 롯데백화점동래점8층)",129.0774768,35.21170859,우수,HG220008367,부산광역시 동래구,2022-09-30
261,대수정 롯데동래점,"부산광역시 동래구 중앙대로 1393(8층 온천동, 롯데백화점)",129.0774768,35.21170859,매우우수,HG230003821,부산광역시 동래구,2023-06-16
263,롯데컬처웍스(주)롯데시네마 동래,부산광역시 동래구 중앙대로 1393(8층 온천동),129.0774768,35.21170859,매우우수,HG210006651,부산광역시 동래구,2023-07-19
264,우리샤브,"부산광역시 동래구 중앙대로 1393(온천동, 롯데백화잠 지하1층)",129.0774768,35.21170859,매우우수,HG220001681,부산광역시 동래구,2022-03-22
265,샤브보트롯데백화점동래점,부산광역시 동래구 중앙대로 1393(롯데백화점 8층 온천동),129.0774768,35.21170859,매우우수,HG230000461,부산광역시 동래구,2023-02-10
266,버거스 올마이티 동래롯데점,부산광역시 동래구 중앙대로 1393(롯데백화점 1층 온천동),129.0774768,35.21170859,매우우수,HG220008350,부산광역시 동래구,2022-09-30
267,로카보어테이블,부산광역시 동래구 중앙대로 1393(롯데백화점 1층 온천동),129.0774768,35.21170859,매우우수,HG220008295,부산광역시 동래구,2022-09-30
268,중식대가,부산광역시 동래구 금강로 83(1층 온천동),129.0780897,35.21652552,매우우수,HG220009156,부산광역시 동래구,2022-10-25
270,지우분식,"부산광역시 동래구 온천장로65번길 9(1층 125호 온천동, 동래 3차 SK VIEW)",129.0798129,35.21642902,매우우수,HG220006753,부산광역시 동래구,2022-08-16
271,밀대장79,부산광역시 동래구 명륜로129번나길 11(명륜동),129.080276,35.20579758,매우우수,HG210007775,부산광역시 동래구,2023-08-13
273,키치마루,부산광역시 동래구 명륜로117번길 25(명륜동),129.082048,35.2036094,매우우수,HG230005535,부산광역시 동래구,2023-08-07
274,리스또란테 금정(Ristorante GEUMJEONG),부산광역시 동래구 금강공원로20번길 23(온천동),129.0822581,35.22024704,매우우수,HG170000534,부산광역시 동래구,2021-11-17
281,열정국밥,부산광역시 동래구 동래시장길 37-1(1층 일부호 복천동),129.0864586,35.20411969,우수,HG230007453,부산광역시 동래구,2023-10-06
286,라객마라탕,"부산광역시 동래구 명장로 65(상가1동 113호 명장동, e편한세상 동래명장)",129.1054928,35.20510095,매우우수,HG220009360,부산광역시 동래구,2022-11-01
291,파스타보이즈 안락점,부산광역시 동래구 명장로127번길 7(1층 명장동),129.1128746,35.20040915,매우우수,HG220005306,부산광역시 동래구,2022-07-06
295,목동버거동래수안점,부산광역시 동래구 명륜로94번길 23(1층 명륜동),129.0837798,35.20335953,매우우수,HG230003810,부산광역시 동래구,2023-06-16
298,제주항갈치고등어쌈정식,부산광역시 동래구 중앙대로 1393(롯데백화점 8층 온천동),129.0774768,35.21170859,매우우수,HG220008296,부산광역시 동래구,2022-09-30
299,롤리아 롯데백화점동래점,부산광역시 동래구 중앙대로 1393(롯데백화점 지하1층 온천동),129.0774768,35.21170859,매우우수,HG220001653,부산광역시 동래구,2022-03-17
301,스시마이우블랙 롯데백화점동래점,부산광역시 동래구 중앙대로 1393(롯데백화점 지하1층 온천동),129.0774768,35.21170859,매우우수,HG220001662,부산광역시 동래구,2022-03-18
303,꾸브라꼬 안락명장점,부산광역시 동래구 명안로25번길 46(1층 안락동),129.1021433,35.19942577,우수,HG220005291,부산광역시 동래구,2022-07-06
304,미스카츠,부산광역시 동래구 중앙대로 1393(롯데백화점 8층 온천동),129.0774768,35.21170859,매우우수,HG220008326,부산광역시 동래구,2022-09-30
305,(주)착한전문장례식장 동래지점,부산광역시 동래구 반송로 181(에스뻬랑스빌딩 2층 낙민동),129.0952994,35.19760406,우수,HG220005277,부산광역시 동래구,2022-07-06
307,마라이츠(eats),부산광역시 동래구 연안로 49(삼영빌딩 1층 안락동),129.1072848,35.19231197,매우우수,HG220000088,부산광역시 동래구,2022-01-13
308,더 큐브(The Cube),부산광역시 남구 전포대로 133(문현금융단지 IFC부산 복합시설 4층 근생 401일부호 문현동),129.0654779,35.14828501,매우우수,HG200008756,부산광역시 남구,2022-11-20
309,더 큐브2(The Cube2),부산광역시 남구 전포대로 133(문현금융단지 IFC부산 복합시설 4층 근생 401일부호 문현동),129.0654779,35.14828501,매우우수,HG200008777,부산광역시 남구,2022-11-20
310,풀이랑,부산광역시 남구 문현금융로 40(부산국제금융센터 2층 A203호 문현동),129.0658605,35.14648787,매우우수,HG220000261,부산광역시 남구,2022-01-18
311,호포갈비 문현점,부산광역시 남구 우암로 359(호포갈비 2층 문현동),129.066334,35.13400839,매우우수,HG210004756,부산광역시 남구,2023-06-03
312,가족회관문현점,부산광역시 남구 우암로 375(부산골프클럽A동 1층 문현동),129.066561,35.13542159,매우우수,HG220008687,부산광역시 남구,2022-10-12
319,호식이 두마리 치킨 감만점,"부산광역시 남구 석포로 7(감만동,우암자유4차A 상가106)",129.0817056,35.12232511,매우우수,HG230001021,부산광역시 남구,2023-03-14
324,밥과 족발,부산광역시 남구 지게골로 169-4(1층 문현동),129.0763985,35.13336945,매우우수,HG200008787,부산광역시 남구,2022-11-20
325,삼환축산 유엔공원점,부산광역시 남구 유엔평화로 45(대연동),129.0924176,35.13085525,매우우수,HG220007232,부산광역시 남구,2022-08-30
329,육면정,부산광역시 남구 황령대로 329(1층 일부호 대연동),129.0948034,35.14840183,매우우수,HG220009273,부산광역시 남구,2022-10-27
330,명품외식 육면정,"부산광역시 남구 황령대로 329(2층,3일부층 대연동)",129.0948034,35.14840183,매우우수,HG200008780,부산광역시 남구,2022-11-20
337,믹스토랑 부경대점,부산광역시 남구 수영로322번길 48(한양빌딩 2층 대연동),129.102305,35.13584044,매우우수,HG220008727,부산광역시 남구,2022-10-12
338,교토돈부리,"부산광역시 남구 용소로13번길 62(102동 103호 대연동, 아침햇살)",129.1037423,35.13744985,매우우수,HG230002459,부산광역시 남구,2023-05-02
340,더하고 부대찌개 용호메트로시티점,부산광역시 남구 용호로 20(용호동),129.1069649,35.12828932,매우우수,HG200008757,부산광역시 남구,2022-11-20
342,고봉민 김밥인 본점,"부산광역시 남구 신선로 566(용호동,GS하이츠자이401동121호)",129.1096685,35.13266335,매우우수,HG220000780,부산광역시 남구,2022-02-11
344,오정은a김밥 용호성모점,부산광역시 남구 용호로 229(1일부층 용호동),129.1111406,35.11181866,우수,HG220002319,부산광역시 남구,2022-04-11
345,더블유스퀘어 김씨화덕,"부산광역시 남구 분포로 145(더블유스퀘동 2층 2008,2009호 용호동, 더블유)",129.1112149,35.1342266,매우우수,HG230000341,부산광역시 남구,2023-02-02
348,다이닝센 부산본점,"부산광역시 남구 용호로 88(3,4층 용호동)",129.1122884,35.12441861,매우우수,HG210004774,부산광역시 남구,2023-06-03
352,약콩밀면,부산광역시 남구 동명로145번길 80(1층 용호동),129.1133237,35.12310208,매우우수,HG220002802,부산광역시 남구,2022-04-22
355,언양닭칼국수 경성대부경대점,부산광역시 남구 용소로8번길 14(1층 대연동),129.0995585,35.13640626,매우우수,HG230002374,부산광역시 남구,2023-04-25
356,언양닭칼국수 대연점,"부산광역시 남구 못골로12번길 35(1층 104,105호 대연동)",129.0857535,35.13550331,매우우수,HG230002302,부산광역시 남구,2023-04-24
357,해피테이블,부산광역시 남구 문현로 30-1(1층 일부호 문현동),129.0732075,35.1418709,매우우수,HG220000232,부산광역시 남구,2022-01-18
359,닭가대표 대연1호점,"부산광역시 남구 수영로325번길 61(301동 지하1층 B102일부호 대연동, 대연 롯데캐슬)",129.1000035,35.14093622,매우우수,HG220002011,부산광역시 남구,2022-03-30
362,티티호텔구포레스토랑,부산광역시 북구 낙동대로 1684(20층 구포동),128.9959103,35.20493545,매우우수,HG230001791,부산광역시 북구,2023-04-05
363,걸작떡볶이치킨,"부산광역시 북구 백양대로 1136(상가114동 2층 213호 구포동, 리버파크 반도유보라아파트)",129.0023265,35.20425145,매우우수,HG220009431,부산광역시 북구,2022-11-01
364,하이오구포점,부산광역시 북구 낙동대로 1768(1층 구포동),129.0026188,35.20926978,매우우수,HG220005411,부산광역시 북구,2022-07-11
370,네오피자,부산광역시 북구 금곡대로 106(1층 덕천동),129.006692,35.21892587,좋음,HG210011521,부산광역시 북구,2021-12-16
377,백소정 화명점,부산광역시 북구 학사로 8(크리스탈타워 103호 화명동),129.0085793,35.22408411,매우우수,HG220000781,부산광역시 북구,2022-02-11
380,배말칼국수 김밥,"부산광역시 북구 금곡대로 166(903동 지하1층 B112호 화명동, 롯데캐슬카이저)",129.0122107,35.22636131,매우우수,HG220006114,부산광역시 북구,2022-07-27
382,마부마라탕,"부산광역시 북구 화명대로 35(206호 화명동, 신호타워)",129.0119905,35.23516069,매우우수,HG230007910,부산광역시 북구,2023-10-23
383,리산옥,부산광역시 북구 금곡대로303번길 25(명신프라자 2층 203호 화명동),129.0120267,35.23542179,매우우수,HG220007227,부산광역시 북구,2022-08-30
384,이다메또 참치,부산광역시 북구 금곡대로285번길 19(리버사이드빌딩 204호 화명동),129.0123248,35.23376976,우수,HG230008074,부산광역시 북구,2023-10-30
388,한솥 부산율리점,"부산광역시 북구 효열로 1(근린생활시설동 107호 금곡동, 율리벽산블루밍아파트)",129.0139201,35.24894473,매우우수,HG220009109,부산광역시 북구,2022-10-24
393,프레드피자 화명점,"부산광역시 북구 산성로 28(201동 지하2층 6호 화명동, 화명푸르지오 헤리센트)",129.0160176,35.23916511,매우우수,HG220007210,부산광역시 북구,2022-08-30
396,양산도 화명점,부산광역시 북구 산성로 23(1층 화명동),129.0161784,35.23972262,매우우수,HG230004609,부산광역시 북구,2023-07-10
400,카페벗,"부산광역시 북구 만덕대로155번길 9(1동 109호 덕천동, 삼정그린코아@상가)",129.0216096,35.21376197,매우우수,HG210000452,부산광역시 북구,2023-02-01
410,부산북구지역자활센터(더도이축산직영점 만덕점),부산광역시 북구 은행나무로 7(1층 만덕동),129.037616,35.20887534,우수,HG210011225,부산광역시 북구,2021-12-01
415,핵밥부산화명점,부산광역시 북구 학사로17번가길 5(씨에스빌딩 1층 화명동),129.0075685,35.2240655,매우우수,HG220002228,부산광역시 북구,2022-04-07
416,원카츠화명점,부산광역시 북구 용당로20번길 12(1층 화명동),129.0083316,35.23246007,우수,HG220006121,부산광역시 북구,2022-07-27
417,하루엔소쿠부산북구점,"부산광역시 북구 덕천로276번길 60(상가동 105호 만덕동, 백양산동문굿모닝힐)",129.0333385,35.20586528,매우우수,HG210011164,부산광역시 북구,2021-11-30
422,장수통닭 재송점,부산광역시 해운대구 재반로125번길 68(1층 일부호 재송동),129.1233045,35.18987473,매우우수,HG210005652,부산광역시 해운대구,2023-06-24
427,곱대전 반여점,부산광역시 해운대구 반여로167번길 68-1(2층 205호 반여동),129.1238591,35.20779803,매우우수,HG230002298,부산광역시 해운대구,2023-04-24
429,요거트아이스크림의 정석 반여점,부산광역시 해운대구 선수촌로 193-1(1층  일부호 반여동),129.1247998,35.20990753,우수,HG230001888,부산광역시 해운대구,2023-04-10
433,남산왕돈까스 신세계센텀몰점,부산광역시 해운대구 센텀4로 15(센텀시티 몰 4층 일부호 우동),129.128287,35.16986272,매우우수,HG220010819,부산광역시 해운대구,2022-12-08
434,속초코다리냉면 센텀시티점,"부산광역시 해운대구 센텀4로 15(4층 우동, 센텀시티몰)",129.128287,35.16986272,매우우수,HG230000024,부산광역시 해운대구,2023-01-11
435,크리스탈제이드센텀시티몰점,"부산광역시 해운대구 센텀4로 15(4층 우동, 센텀시티몰)",129.128287,35.16986272,매우우수,HG230001801,부산광역시 해운대구,2023-04-06
436,제이브이엘부대찌개 신세계센텀시티몰점,부산광역시 해운대구 센텀4로 15(센텀시티 몰 4층 일부호 우동),129.128287,35.16986272,매우우수,HG210000625,부산광역시 해운대구,2023-02-10
437,쉐이크쉑 센텀점,부산광역시 해운대구 센텀4로 15(센텀시티 몰 1층 일부호 우동),129.128287,35.16986272,매우우수,HG230005270,부산광역시 해운대구,2023-07-28
438,열정국밥,부산광역시 해운대구 재반로152번길 8-26(2층 재송동),129.1289587,35.19062431,매우우수,HG230005511,부산광역시 해운대구,2023-08-07
440,스파이스마켓,부산광역시 해운대구 센텀남대로 35(신세계백화점센텀시티점 9층 일부호 우동),129.1290849,35.16881869,매우우수,HG220009681,부산광역시 해운대구,2022-11-04
441,팔선생,"부산광역시 해운대구 센텀남대로 35(우동, 신세계백화점센텀점지하1층)",129.1290849,35.16881869,매우우수,HG210003507,부산광역시 해운대구,2023-04-30
442,시네드쉐프 센텀시티,"부산광역시 해운대구 센텀남대로 35(우동, 신세계백화점센텀점 지상5층)",129.1290849,35.16881869,매우우수,HG220006475,부산광역시 해운대구,2022-08-09
443,김씨마구로,"부산광역시 해운대구 센텀남대로 35(우동,  신세계백화점센텀점 지하1층)",129.1290849,35.16881869,매우우수,HG230003492,부산광역시 해운대구,2023-06-12
444,고든램지버거 신세계센텀시티점,부산광역시 해운대구 센텀남대로 35(신세계백화점센텀시티점 지하1층 일부호 우동),129.1290849,35.16881869,매우우수,HG230009011,부산광역시 해운대구,2023-11-15
445,오규당 신세계센텀점,부산광역시 해운대구 센텀남대로 35(신세계백화점센텀시티점 지하1층 우동),129.1290849,35.16881869,매우우수,HG210007451,부산광역시 해운대구,2023-08-05
447,호우섬,부산광역시 해운대구 센텀남대로 35(신세계백화점센텀시티점 지하1층 일부호 우동),129.1290849,35.16881869,매우우수,HG230000608,부산광역시 해운대구,2023-02-21
448,제주어담,부산광역시 해운대구 센텀남대로 35(신세계백화점센텀시티점 지하1층 우동),129.1290849,35.16881869,매우우수,HG230005371,부산광역시 해운대구,2023-08-01
449,서울떡갈비&우이락 센텀시티점,부산광역시 해운대구 센텀남대로 35(신세계백화점센텀시티점 지하1층 일부호 우동),129.1290849,35.16881869,매우우수,HG230005349,부산광역시 해운대구,2023-08-01
450,카페아모제,부산광역시 해운대구 센텀남대로 35(신세계백화점센텀시티점 지하1층 우동),129.1290849,35.16881869,매우우수,HG230005352,부산광역시 해운대구,2023-08-01
451,칠암만장 신세계센텀,부산광역시 해운대구 센텀남대로 35(신세계백화점센텀시티점 지하1층 우동),129.1290849,35.16881869,매우우수,HG230002551,부산광역시 해운대구,2023-05-03
452,레이어드 신세계 센텀시티점,부산광역시 해운대구 센텀남대로 35(신세계백화점센텀시티점 지하1층 일부호 우동),129.1290849,35.16881869,매우우수,HG230000618,부산광역시 해운대구,2023-02-21
453,페이페이신세계백화점센텀시티점,"부산광역시 해운대구 센텀남대로 35(우동, 신세계백화점 센텀시티점 지하1층)",129.1290849,35.16881869,매우우수,HG230002507,부산광역시 해운대구,2023-05-02
454,광복수제비,"부산광역시 해운대구 센텀남대로 35(우동, 신세계백화점 센텀시티점 지하1층)",129.1290849,35.16881869,매우우수,HG230002503,부산광역시 해운대구,2023-05-02
455,홍대개미 신세계백화점센텀시티점,"부산광역시 해운대구 센텀남대로 35(지하1층 일부호 우동, 신세계백화점센텀시티점)",129.1290849,35.16881869,매우우수,HG220003557,부산광역시 해운대구,2022-05-19
456,더 키친 일뽀르노(The kitchen IL Forno,"부산광역시 해운대구 센텀남대로 35(우동, 9층 일부)",129.1290849,35.16881869,매우우수,HG200003913,부산광역시 해운대구,2022-06-29
457,(주)캘리스코히바린 신세계센텀점,부산광역시 해운대구 센텀남대로 35(신세계백화점센텀시티점 9층 일부호 우동),129.1290849,35.16881869,매우우수,HG180000453,부산광역시 해운대구,2022-07-03
458,개정,부산광역시 해운대구 센텀남대로 35(신세계백화점센텀시티점 9층 일부호 우동),129.1290849,35.16881869,매우우수,HG180000450,부산광역시 해운대구,2022-07-03
459,싱카이 신세계센텀점,부산광역시 해운대구 센텀남대로 35(신세계백화점센텀시티점 9층 일부호 우동),129.1290849,35.16881869,매우우수,HG180000455,부산광역시 해운대구,2022-07-03
460,밀화,"부산광역시 해운대구 센텀남대로 35(우동, 9층 일부)",129.1290849,35.16881869,매우우수,HG180000407,부산광역시 해운대구,2022-06-28
461,용호동낙지 신세계센텀시티점,"부산광역시 해운대구 센텀남대로 35(우동, 9층 일부)",129.1290849,35.16881869,매우우수,HG180000402,부산광역시 해운대구,2022-06-28
462,딤딤섬 센텀시티점,"부산광역시 해운대구 센텀남대로 35(우동, 9층 일부)",129.1290849,35.16881869,매우우수,HG180000406,부산광역시 해운대구,2022-06-28
463,사리원냉면,"부산광역시 해운대구 센텀남대로 35(우동, 9층 일부)",129.1290849,35.16881869,매우우수,HG220005318,부산광역시 해운대구,2022-07-06
464,문스시(신세계백화점센텀시티점),"부산광역시 해운대구 센텀남대로 35(우동, 9층 일부)",129.1290849,35.16881869,매우우수,HG180000452,부산광역시 해운대구,2022-07-03
468,원할머니 보쌈 족발 부산센텀중앙점,"부산광역시 해운대구 센텀동로 35(우동, 센텀SH밸리105호)",129.1310015,35.1724604,좋음,HG230001224,부산광역시 해운대구,2023-03-20
469,롯데컬처웍스(주) 롯데시네마 센텀시티 스위트샵,"부산광역시 해운대구 센텀남대로 59(8층 우동, 롯데백화점)",129.1310752,35.16985471,매우우수,HG210005752,부산광역시 해운대구,2023-06-25
470,청담동소스,"부산광역시 해운대구 센텀남대로 59(우동, 롯데백화점지상6층일부)",129.1310752,35.16985471,우수,HG230006755,부산광역시 해운대구,2023-09-12
472,잇츠미미(EATS MIMI),"부산광역시 해운대구 센텀동로 25(상가동 1층 124호 우동, 대우월드마크센텀아파트)",129.131433,35.17190652,매우우수,HG230009022,부산광역시 해운대구,2023-11-15
478,김정영분식면옥항천,부산광역시 해운대구 해운대로383번길 26(2층 우동),129.1393887,35.17011923,매우우수,HG220001226,부산광역시 해운대구,2022-03-02
479,다이닝룸(Dining Room),"부산광역시 해운대구 마린시티1로 51(우동, 파크하얏트부산 지상32층일부)",129.1418776,35.15657501,매우우수,HG190000316,부산광역시 해운대구,2023-05-08
480,파티세리(Patisserie),"부산광역시 해운대구 마린시티1로 51(우동, 파크하얏트부산 1층일부)",129.1418776,35.15657501,매우우수,HG190000137,부산광역시 해운대구,2023-03-07
481,리빙룸(Living Room),"부산광역시 해운대구 마린시티1로 51(우동, 파크하얏트부산 지상31층일부)",129.1418776,35.15657501,매우우수,HG190000323,부산광역시 해운대구,2023-05-08
482,라운지(Lounge),"부산광역시 해운대구 마린시티1로 51(우동, 파크하얏트부산 지상30층일부)",129.1418776,35.15657501,매우우수,HG190000329,부산광역시 해운대구,2023-05-08
483,볼룸(Ball Room),"부산광역시 해운대구 마린시티1로 51(우동, 파크하얏트부산 지상2층일부)",129.1418776,35.15657501,매우우수,HG190000330,부산광역시 해운대구,2023-05-08
484,파크하얏트부산(B1F),"부산광역시 해운대구 마린시티1로 51(우동, 파크하얏트호텔지하1층)",129.1418776,35.15657501,매우우수,HG190000138,부산광역시 해운대구,2023-03-07
486,마리시스(marisis),"부산광역시 해운대구 마린시티3로 52(우동, 한화리조트101호)",129.1449429,35.15444581,매우우수,HG220002749,부산광역시 해운대구,2022-04-22
487,클라우드32(cloud32),"부산광역시 해운대구 마린시티3로 52(우동, 지상32층)",129.1449429,35.15444581,매우우수,HG200008791,부산광역시 해운대구,2022-11-23
488,해운정,"부산광역시 해운대구 마린시티3로 52(우동, 한화리조트2층)",129.1449429,35.15444581,매우우수,HG210010831,부산광역시 해운대구,2021-11-22
489,블루시걸,"부산광역시 해운대구 마린시티3로 52(우동, 한화리조트2층)",129.1449429,35.15444581,매우우수,HG210010817,부산광역시 해운대구,2021-11-22
490,프리미엄 겟201 해운대,"부산광역시 해운대구 마린시티2로 33(지상2층 205-2호 우동, 해운대두산위브더제니스)",129.144817,35.15720524,매우우수,HG230007732,부산광역시 해운대구,2023-10-18
491,리베르타,부산광역시 해운대구 마린시티3로 51(더샵해운대아델리스 103호 우동),129.1458368,35.1540137,매우우수,HG230000786,부산광역시 해운대구,2023-03-02
492,피제리아 라르도,부산광역시 해운대구 마린시티3로 51(더샵해운대아델리스 1층 105호 우동),129.1458368,35.1540137,매우우수,HG230000785,부산광역시 해운대구,2023-03-02
494,주정,"부산광역시 해운대구 마린시티3로 37(우동, 한일오르듀213,214호)",129.1466033,35.15544866,매우우수,HG220009449,부산광역시 해운대구,2022-11-01
495,동백삼계탕,"부산광역시 해운대구 마린시티3로 23(우동, 벽산e오렌지상가 320호 - 325호)",129.1469274,35.15664443,매우우수,HG220002196,부산광역시 해운대구,2022-04-06
500,(주)조선호텔앤리조트 부산 오킴스,"부산광역시 해운대구 동백로 67(우동, 신세계조선호텔 부산 1,2층일부)",129.1540413,35.15599089,매우우수,HG220005451,부산광역시 해운대구,2022-07-11
501,(주)조선호텔앤리조트 부산 까밀리아,부산광역시 해운대구 동백로 67(우동),129.1540413,35.15599089,매우우수,HG220005544,부산광역시 해운대구,2022-07-12
502,(주)조선호텔앤리조트 부산 셔블,"부산광역시 해운대구 동백로 67(우동, 지하1층)",129.1540413,35.15599089,매우우수,HG220005531,부산광역시 해운대구,2022-07-12
504,고반식당 해운대점(별관),부산광역시 해운대구 구남로8번길 58(2층 우동),129.156449,35.16170069,우수,HG230007731,부산광역시 해운대구,2023-10-18
506,마라신 해리단길점,부산광역시 해운대구 우동1로20번길 11(지상1층 우동),129.1572168,35.16398286,우수,HG210011418,부산광역시 해운대구,2021-12-09
508,케빈스보일링크랩 해운대점,부산광역시 해운대구 우동1로 64-1(1층 일부호 우동),129.157657,35.16716053,매우우수,HG230001971,부산광역시 해운대구,2023-04-11
509,바리오,부산광역시 해운대구 우동1로50번길 2(1층 일부호 우동),129.1577925,35.16587927,매우우수,HG210001201,부산광역시 해운대구,2023-03-08
511,신라스테이 해운대 카페,"부산광역시 해운대구 해운대로570번길 46(우동, 2층일부)",129.1587271,35.15980402,매우우수,HG210009776,부산광역시 해운대구,2023-10-18
515,주식회사 전설의우대갈비 해운대직영점,부산광역시 해운대구 해운대해변로 277(다옴빌딩 3층 중동),129.16156,35.15988503,매우우수,HG230007929,부산광역시 해운대구,2023-10-23
517,디아스,"부산광역시 해운대구 해운대해변로 287(중동, 지상4층)",129.1622485,35.16044629,우수,HG220000250,부산광역시 해운대구,2022-01-18
519,사까에&르소메,"부산광역시 해운대구 해운대해변로 296(중동, 3층)",129.1652747,35.16021888,매우우수,HG190000210,부산광역시 해운대구,2023-04-08
520,파라다이스 라운지,"부산광역시 해운대구 해운대해변로 296(중동, 신관 1층)",129.1652747,35.16021888,매우우수,HG190000211,부산광역시 해운대구,2023-04-08
521,라스칼라,"부산광역시 해운대구 해운대해변로 296(중동, 신관 지상2층)",129.1652747,35.16021888,매우우수,HG190000207,부산광역시 해운대구,2023-04-08
522,남풍,"부산광역시 해운대구 해운대해변로 296(중동, 지상3층)",129.1652747,35.16021888,매우우수,HG190000208,부산광역시 해운대구,2023-04-08
523,온 더 플레이트,"부산광역시 해운대구 해운대해변로 296(중동, 외6 지상1층)",129.1652747,35.16021888,매우우수,HG190000215,부산광역시 해운대구,2023-04-08
524,(주)파라다이스호텔부산크리스탈가든,"부산광역시 해운대구 해운대해변로 296(중동, 1층)",129.1652747,35.16021888,매우우수,HG190000214,부산광역시 해운대구,2023-04-08
525,밥공기,부산광역시 해운대구 중동2로 7(2층 중동),129.1645746,35.1626954,매우우수,HG230008657,부산광역시 해운대구,2023-11-10
526,창고43 해운대점,"부산광역시 해운대구 달맞이길 2-2(2, 3층 중동)",129.1650786,35.16186128,매우우수,HG230000615,부산광역시 해운대구,2023-02-21
528,더파티프리미엄,"부산광역시 해운대구 해운대해변로298번길 24(중동, 팔레드시즈 B1-1호)",129.1665805,35.16019728,매우우수,HG220000960,부산광역시 해운대구,2022-02-18
529,엑스더스카이_ 스카이99,"부산광역시 해운대구 달맞이길 30(지상99층 중동, 엘시티)",129.1680126,35.16132822,매우우수,HG220003063,부산광역시 해운대구,2022-05-02
530,호식이 두마리치킨,"부산광역시 해운대구 양운로 182(좌동, 두산동국@분산상가102호)",129.1699412,35.17870621,매우우수,HG230001182,부산광역시 해운대구,2023-03-17
532,양산도 해운대장산점,부산광역시 해운대구 좌동로10번길 61(1층 중동),129.1721094,35.1676253,매우우수,HG230007924,부산광역시 해운대구,2023-10-23
533,호미스피자 해운대점,부산광역시 해운대구 좌동순환로433번길 20(1층 일부101호호 중동),129.1756704,35.16108279,우수,HG220010191,부산광역시 해운대구,2022-11-17
535,인생아구찜 장산점,"부산광역시 해운대구 좌동순환로 411(지하2층 1호중 일부호 중동, 삼성타워)",129.1756813,35.16183984,매우우수,HG230008456,부산광역시 해운대구,2023-11-09
539,소막집 본점,"부산광역시 해운대구 세실로 75(1층 108호,109호 좌동, 일진빌딩)",129.1767726,35.17129372,매우우수,HG220009157,부산광역시 해운대구,2022-10-25
541,디에이블 달맞이점,"부산광역시 해운대구 달맞이길 129(중동, 2층)",129.1767564,35.15723235,매우우수,HG220008713,부산광역시 해운대구,2022-10-12
543,스텔라떡볶이 부산해운대장산점,"부산광역시 해운대구 양운로 45(좌동, 베르나움A동상가 102-2)",129.1767819,35.16737263,매우우수,HG230007312,부산광역시 해운대구,2023-09-27
544,애슐리퀸즈 NC 해운대점,"부산광역시 해운대구 해운대로 813(좌동, 장산NC백화점 7층)",129.177069,35.17053368,매우우수,HG230004619,부산광역시 해운대구,2023-07-10
548,제이 사워도우,"부산광역시 해운대구 좌동로 166(상가A동 1층 102호 좌동, 부산좌동 창업지원주택)",129.1824531,35.17542974,매우우수,HG220009358,부산광역시 해운대구,2022-11-01
551,고동운식당,부산광역시 해운대구 달맞이길117번나길 151(중동),129.1845699,35.16320437,매우우수,HG230006686,부산광역시 해운대구,2023-09-07
553,테이블 4,"부산광역시 해운대구 송정광어골로 66(송정동, 1층)",129.1959139,35.1755498,매우우수,HG220010711,부산광역시 해운대구,2022-12-06
554,정직유부 마린시티점,"부산광역시 해운대구 마린시티3로 46(112 일부호 우동, 우신골든메르시아)",129.1454012,35.15503639,우수,HG210000919,부산광역시 해운대구,2023-02-24
556,기온,부산광역시 해운대구 우동1로38번가길 25-8(2층 우동),129.1586272,35.16514116,매우우수,HG230008082,부산광역시 해운대구,2023-10-30
557,거대곰탕,부산광역시 해운대구 센텀남대로 35(신세계백화점센텀시티점 지하1층 우동),129.1290849,35.16881869,매우우수,HG220006454,부산광역시 해운대구,2022-08-09
558,피자드시우 해운대점,부산광역시 해운대구 좌동순환로15번길 11(1층 좌동),129.1662081,35.16715953,매우우수,HG220010834,부산광역시 해운대구,2022-12-08
559,언양닭칼국수,부산광역시 해운대구 재반로 138(1층 재송동),129.1274931,35.19025039,좋음,HG230005801,부산광역시 해운대구,2023-08-11
560,풍원장고기정찬,부산광역시 해운대구 달맞이길117번가길 175(지하 1층 일부호 중동),129.1825422,35.15961868,매우우수,HG220007789,부산광역시 해운대구,2022-09-16
561,바른치킨 부산반여점,부산광역시 해운대구 반여로155번길 50(반여동),129.1235663,35.20647573,매우우수,HG220009629,부산광역시 해운대구,2022-11-04
562,서리재 신세계센텀시티점,부산광역시 해운대구 센텀4로 15(센텀시티 몰 4층 우동),129.128287,35.16986272,매우우수,HG210005907,부산광역시 해운대구,2023-06-30
563,철인7호 해운대신도시점,부산광역시 해운대구 세실로27번길 21(원재프라자 2층 일부호 좌동),129.1779417,35.16863229,매우우수,HG230008249,부산광역시 해운대구,2023-10-31
564,교동면옥 해운대점,부산광역시 해운대구 대천로 84(2층 좌동),129.1721729,35.17357379,매우우수,HG220009207,부산광역시 해운대구,2022-10-25
567,언양닭칼국수,부산광역시 해운대구 중동1로 39(1층 105호 중동),129.1635579,35.16220942,매우우수,HG230005570,부산광역시 해운대구,2023-08-07
568,(주)조선호텔앤리조트 그랜드조선 부산 아리아,부산광역시 해운대구 해운대해변로 292(그랜드 조선 부산 지상2층 중동),129.1630334,35.16006918,매우우수,HG220005718,부산광역시 해운대구,2022-07-15
569,(주)조선호텔앤리조트 그랜드조선부산라운지&바,부산광역시 해운대구 해운대해변로 292(그랜드 조선 부산 지상2층 중동),129.1630334,35.16006918,매우우수,HG220005704,부산광역시 해운대구,2022-07-15
570,(주)조선호텔앤리조트 그랜드조선 부산팔레드신,부산광역시 해운대구 해운대해변로 292(그랜드 조선 부산 지상5층 중동),129.1630334,35.16006918,매우우수,HG220005684,부산광역시 해운대구,2022-07-15
571,Cielo(씨엘로),부산광역시 해운대구 마린시티3로 51(더샵해운대아델리스 2층 202호 우동),129.1458368,35.1540137,매우우수,HG210009753,부산광역시 해운대구,2023-10-18
572,헨리스 가든,부산광역시 해운대구 좌동순환로 418(지상1~2층 중동),129.1749384,35.16208142,매우우수,HG220009415,부산광역시 해운대구,2022-11-01
574,밥풀릭스 해운대점,부산광역시 해운대구 우동3로11번길 3-1(민컴시스템 1층 우동),129.1624,35.16722322,우수,HG230005266,부산광역시 해운대구,2023-07-28
576,bhc 해운대장산점,부산광역시 해운대구 세실로27번길 13(선린빌딩 1층 101일부호 좌동),129.1783396,35.16806054,매우우수,HG210007282,부산광역시 해운대구,2023-07-30
577,정월당치킨 중동역점,부산광역시 해운대구 해운대로 723(하모니타워마브러스 103동 1층 112호 중동),129.1691695,35.16699574,매우우수,HG220006944,부산광역시 해운대구,2022-08-22
578,스시츠카무 센텀시티점,부산광역시 해운대구 센텀남대로 59(롯데백화점센텀시티점 지하1층 우동),129.1310752,35.16985471,매우우수,HG220006340,부산광역시 해운대구,2022-08-09
579,아그라센텀시티,부산광역시 해운대구 센텀4로 15(센텀시티 몰 4층 일부호 우동),129.128287,35.16986272,매우우수,HG220004753,부산광역시 해운대구,2022-06-23
580,철인7호 해운대지점,부산광역시 해운대구 해운대로570번길 2(2층 우동),129.1542068,35.16071255,매우우수,HG210011413,부산광역시 해운대구,2021-12-09
581,(주)라라코스트 신시계센텀시티점,부산광역시 해운대구 센텀남대로 35(신세계백화점센텀시티점 4층 우동),129.1290849,35.16881869,매우우수,HG210008997,부산광역시 해운대구,2023-09-15
582,정월당치킨 재송점,부산광역시 해운대구 해운대로38번길 70(107호 재송동),129.1175891,35.1910544,매우우수,HG220006947,부산광역시 해운대구,2022-08-22
583,로쿠미,부산광역시 해운대구 센텀남대로 35(신세계백화점센텀시티점 지하1층 일부호 우동),129.1290849,35.16881869,매우우수,HG230000672,부산광역시 해운대구,2023-02-21
585,환성물회,부산광역시 사하구 하신번영로167번길 26(2층 신평동),128.9585285,35.09763706,우수,HG220007411,부산광역시 사하구,2022-09-02
586,바로덮밥&바로파스타,부산광역시 사하구 하신번영로157번길 22(1층 신평동),128.9588463,35.09667905,매우우수,HG230006520,부산광역시 사하구,2023-09-01
587,기롱 아구찜,부산광역시 사하구 하신번영로167번길 20(신평동),128.9589559,35.09760664,우수,HG220008181,부산광역시 사하구,2022-09-29
588,더 벤티,부산광역시 사하구 동매로 7(하단동),128.9591383,35.1038069,매우우수,HG220010036,부산광역시 사하구,2022-11-14
591,리에또(LIETO),"부산광역시 사하구 다대낙조2길 85(5층 504,505호 다대동)",128.9614145,35.05295812,매우우수,HG230002672,부산광역시 사하구,2023-05-08
596,어밤부,부산광역시 사하구 낙동남로 1413(아트몰링 14층 하단동),128.966874,35.10681916,매우우수,HG220010292,부산광역시 사하구,2022-11-24
597,장원,부산광역시 사하구 낙동남로 1413(17층 하단동),128.966874,35.10681916,매우우수,HG220010427,부산광역시 사하구,2022-11-24
599,고메밀면 부산하단아트몰링점,부산광역시 사하구 낙동남로 1413(14층 하단동),128.966874,35.10681916,매우우수,HG220010428,부산광역시 사하구,2022-11-24
600,한옥마을 전주비빔밥(부산아트몰링점),부산광역시 사하구 낙동남로 1413(14층 하단동),128.966874,35.10681916,우수,HG220010379,부산광역시 사하구,2022-11-24
601,킹콩부대찌개&밥볶다 하단아트몰링점,부산광역시 사하구 낙동남로 1413(15층 하단동),128.966874,35.10681916,매우우수,HG220010411,부산광역시 사하구,2022-11-24
602,카츠쿠라 아트몰링점,부산광역시 사하구 낙동남로 1413(15층 하단동),128.966874,35.10681916,매우우수,HG220010336,부산광역시 사하구,2022-11-24
603,북창동순두부 부산하단아트몰링점,부산광역시 사하구 낙동남로 1413(14층 하단동),128.966874,35.10681916,매우우수,HG220010335,부산광역시 사하구,2022-11-24
604,시월애도토리 하단CGV점,부산광역시 사하구 낙동남로 1413(아트몰링 14층 하단동),128.966874,35.10681916,매우우수,HG220010431,부산광역시 사하구,2022-11-24
606,소요리,"부산광역시 사하구 다대낙조1길 12(2층 204호 다대동, 다대대우아파트)",128.967713,35.04978906,우수,HG220008477,부산광역시 사하구,2022-10-06
608,kim's키친,부산광역시 사하구 장림시장7길 139(1층 장림동),128.9685513,35.07988061,매우우수,HG230005611,부산광역시 사하구,2023-08-07
612,동원장수촌 하단점,"부산광역시 사하구 동매로 117(B201호 하단동, 건우리안)",128.9710282,35.10194534,우수,HG190002219,부산광역시 사하구,2021-12-09
613,팔사족발,부산광역시 사하구 다대로577번길 31(1층 다대동),128.9712053,35.05588173,매우우수,HG220007992,부산광역시 사하구,2022-09-21
617,더블유(W)라운지(장림지점),"부산광역시 사하구 장림번영로104번길 10(1층 115호 장림동, 사하장림역스마트W아파트)",128.9763406,35.08020566,우수,HG230000320,부산광역시 사하구,2023-02-01
618,정직유부 장림점,부산광역시 사하구 다대로 262(1층 장림동),128.977061,35.07900999,매우우수,HG230008984,부산광역시 사하구,2023-11-14
619,마라헌터(장림다대점),부산광역시 사하구 다대로271번길 7(장림동),128.9779744,35.07836261,매우우수,HG220009622,부산광역시 사하구,2022-11-04
623,황궁쟁반짜장,부산광역시 사하구 낙동대로356번길 10(당리동),128.9792954,35.10169847,좋음,HG230001795,부산광역시 사하구,2023-04-06
628,오유미당 부산사하점,"부산광역시 사하구 낙동대로 280(303동 B109호 괴정동, 사하역 비스타 동원)",128.9842561,35.10011683,매우우수,HG230007671,부산광역시 사하구,2023-10-16
629,복합식당,부산광역시 사하구 서포로30번길 9(202호 구평동),128.9859834,35.08236303,우수,HG220002141,부산광역시 사하구,2022-04-04
633,정's 왕짬뽕,부산광역시 사하구 괴정로 288-1(괴정동),128.9928534,35.09635987,좋음,HG220009703,부산광역시 사하구,2022-11-04
634,치킨신드롬감천점,부산광역시 사하구 감천로 9(감천동),128.9941742,35.09223861,매우우수,HG220010130,부산광역시 사하구,2022-11-16
639,재성밀면(감천점),부산광역시 사하구 감천로 61(감천동),128.9994458,35.09014901,매우우수,HG190001738,부산광역시 사하구,2023-11-15
643,구포수미아구찜,"부산광역시 사하구 다대로 109(상가동 112호 신평동, 신평한성임호아파트)",128.9794807,35.0924395,매우우수,HG220009369,부산광역시 사하구,2022-11-01
645,컨트리맨즈 아트몰링점,부산광역시 사하구 낙동남로 1413(17층 하단동),128.966874,35.10681916,좋음,HG220010432,부산광역시 사하구,2022-11-24
646,미카도스시 아트몰링점,부산광역시 사하구 낙동남로 1413(15층 하단동),128.966874,35.10681916,매우우수,HG220010378,부산광역시 사하구,2022-11-24
649,요달의찜닭,"부산광역시 사하구 다대로277번길 56(103동 상가108호 장림동, 동원타워맨션)",128.980664,35.07588001,우수,HG220009009,부산광역시 사하구,2022-10-20
651,아토,부산광역시 사하구 다대동로 31(다대동),128.9715524,35.05650092,매우우수,HG220008489,부산광역시 사하구,2022-10-06
652,장미돼지국밥,부산광역시 사하구 오작로8번안길 7(B101호 괴정동),128.9957047,35.09723786,매우우수,HG220010090,부산광역시 사하구,2022-11-15
654,홍대개미 아트몰링 하단점,부산광역시 사하구 낙동남로 1413(아트몰링 15층 하단동),128.966874,35.10681916,매우우수,HG220010412,부산광역시 사하구,2022-11-24
655,동궁찜닭,부산광역시 사하구 다대로 435(지하2층 다대동),128.9797791,35.06424091,매우우수,HG230006777,부산광역시 사하구,2023-09-12
656,우리할매떡볶이 다대점,"부산광역시 사하구 다대낙조1길 12(상가동 203호 다대동, 다대대우아파트)",128.967713,35.04978906,매우우수,HG220002257,부산광역시 사하구,2022-04-08
657,불끈낙지,부산광역시 사하구 낙동대로 529(낙동오피스텔 2층 하단동),128.9646784,35.11131668,매우우수,HG220001793,부산광역시 사하구,2022-03-23
659,강다짐 다대포점,"부산광역시 사하구 다송로 23(상가동 106호 다대동, 다대 롯데캐슬 블루)",128.982827,35.06607313,매우우수,HG220002620,부산광역시 사하구,2022-04-19
660,The 든든한밥상,부산광역시 사하구 다대낙조2길 15(2층 206호 다대동),128.963606,35.05102069,좋음,HG230007678,부산광역시 사하구,2023-10-16
662,레스피로(RESPIRO),부산광역시 사하구 다대낙조2길 85(506호 다대동),128.9614145,35.05295812,매우우수,HG230002673,부산광역시 사하구,2023-05-08
663,백철판 부산하단점,부산광역시 사하구 낙동남로 1413(아트몰링 15층 하단동),128.966874,35.10681916,우수,HG220001827,부산광역시 사하구,2022-03-23
664,애슐리퀸즈 NC부산대점,"부산광역시 금정구 부산대학로63번길 2(6층 장전동, 엔씨백화점 부산대점)",129.0838238,35.23223941,매우우수,HG230004618,부산광역시 금정구,2023-07-10
665,피자와썹,"부산광역시 금정구 금강로 225(108,109호 장전동)",129.0819081,35.23027353,좋음,HG230002844,부산광역시 금정구,2023-05-16
666,와커피 부산대점,부산광역시 금정구 수림로85번길 61(장전동),129.0831085,35.23710425,매우우수,HG220007408,부산광역시 금정구,2022-09-02
667,빅스타피자,"부산광역시 금정구 수림로72번길 21(212동 106호 장전동, 금정산2차쌍용예가아파트)",129.0841752,35.24047486,우수,HG220008032,부산광역시 금정구,2022-09-27
668,금정시골추어탕,부산광역시 금정구 금샘로 431(1층 구서동),129.0840825,35.26154989,우수,HG200000328,부산광역시 금정구,2022-01-30
670,카페 후고(JUGO),부산광역시 금정구 부산대학로64번길 14(장전동),129.084527,35.23225113,매우우수,HG220004836,부산광역시 금정구,2022-06-24
672,맘:비어,부산광역시 금정구 장전로 40(덕암빌딩 1층 장전동),129.0847368,35.22903132,매우우수,HG230006571,부산광역시 금정구,2023-09-05
673,샤브향 남산점,"부산광역시 금정구 금샘로 533(1,2층 남산동)",129.0850073,35.26990635,매우우수,HG220000767,부산광역시 금정구,2022-02-11
675,스몰굿커피 부산대,부산광역시 금정구 금강로 248-6(장전동),129.0851024,35.23009167,매우우수,HG220007481,부산광역시 금정구,2022-09-06
676,카페모닉,부산광역시 금정구 수림로72번길 72(1층 장전동),129.0856366,35.24295856,매우우수,HG220004940,부산광역시 금정구,2022-06-28
679,히컵커피(Hiccup coffee),부산광역시 금정구 수림로49번길 42(장전동),129.086835,35.23808035,매우우수,HG210009570,부산광역시 금정구,2023-10-13
683,호삼정,부산광역시 금정구 금정로60번길 27-3(장전동),129.087779,35.2297972,매우우수,HG230004830,부산광역시 금정구,2023-07-17
684,찌웅이네 숯불두마리치킨,"부산광역시 금정구 금강로 465(상가동 103호 구서동, 일화아트빌라)",129.0879021,35.24886925,좋음,HG220009149,부산광역시 금정구,2022-10-25
688,마파람해물찜해물탕 구서본점,부산광역시 금정구 금강로 418(2층 구서동),129.0885834,35.24476185,매우우수,HG220006182,부산광역시 금정구,2022-07-29
689,다복집,부산광역시 금정구 장전온천천로 37-1(장전동),129.0887613,35.22849938,매우우수,HG230006638,부산광역시 금정구,2023-09-06
690,금정산숯불갈비,부산광역시 금정구 구서중앙로15번길 20(1층 구서동),129.0890569,35.25387051,좋음,HG230007920,부산광역시 금정구,2023-10-23
691,샐러디움,부산광역시 금정구 남산로 28(산정빌딩 1층 남산동),129.0893657,35.26707287,매우우수,HG230008056,부산광역시 금정구,2023-10-30
692,챠오샤브 장전역점,부산광역시 금정구 중앙대로1719번길 47(2층 부곡동),129.0895387,35.23733491,매우우수,HG230003954,부산광역시 금정구,2023-06-20
693,롯데컬처웍스(주)롯데시네마오투(부산대),부산광역시 금정구 중앙대로 1607(1층 부곡동),129.0897916,35.22832785,매우우수,HG210004421,부산광역시 금정구,2023-05-25
695,면채움,부산광역시 금정구 금정로231번길 11(구서동),129.0900979,35.24463102,매우우수,HG220009437,부산광역시 금정구,2022-11-01
697,하이오 구서점,부산광역시 금정구 금정로233번길 39(구서동),129.0909123,35.24637235,매우우수,HG210009386,부산광역시 금정구,2023-10-06
703,플러스82 부산대점,부산광역시 금정구 동현로 41-1(1층 부곡동),129.0931016,35.22285363,매우우수,HG230007869,부산광역시 금정구,2023-10-20
704,스몰굿커피 금정구청점,부산광역시 금정구 중앙대로1778번길 8(부곡동),129.0936781,35.24286804,매우우수,HG220008143,부산광역시 금정구,2022-09-28
707,삼성웰스토리(주)동래베네스트,부산광역시 금정구 남산동 265-34,129.1004076,35.2651881,매우우수,HG220000408,부산광역시 금정구,2022-01-25
711,어벤더치커피,부산광역시 금정구 장전온천천로 45(1~3층 장전동),129.089088,35.22910938,매우우수,HG220007436,부산광역시 금정구,2022-09-05
712,농가의 하루,부산광역시 금정구 금샘로 335(A동 1-2층 구서동),129.0844677,35.25335292,매우우수,HG200000320,부산광역시 금정구,2022-01-30
713,라멘정 부산대학점,부산광역시 금정구 부산대학로49번길 16(1층 장전동),129.0855926,35.23060105,매우우수,HG230006626,부산광역시 금정구,2023-09-06
714,조선화로집 장전점,부산광역시 금정구 식물원로 25(1층 장전동),129.0853103,35.22425787,우수,HG230004628,부산광역시 금정구,2023-07-10
716,프레드피자 부산대점,부산광역시 금정구 장전로20번길 28(1층 장전동),129.087553,35.22933051,매우우수,HG220005009,부산광역시 금정구,2022-06-30
717,베트남골목식당,부산광역시 금정구 장전로 16-1(1층 장전동),129.0869649,35.22806486,매우우수,HG220000394,부산광역시 금정구,2022-01-24
718,꼬들스맵족발,부산광역시 금정구 수림로66번길 94(1층 구서동),129.0868778,35.24374963,우수,HG220007770,부산광역시 금정구,2022-09-15
720,프레드피자 남산점,부산광역시 금정구 학산로 11-1(1층 남산동),129.0912456,35.26465825,매우우수,HG220005032,부산광역시 금정구,2022-06-30
721,하마하마베이크하우스(HamaHama bakehouse),부산광역시 금정구 수림로85번길 50-1(1층 장전동),129.0829177,35.23762876,매우우수,HG220005112,부산광역시 금정구,2022-07-01
722,일디오보,부산광역시 금정구 금샘로 383(1층 구서동),129.0844336,35.25738238,매우우수,HG230008983,부산광역시 금정구,2023-11-14
724,하이스트C.C클럽하우스,부산광역시 강서구 과학산단1로 172(지사동),128.8150536,35.13911683,우수,HG220001301,부산광역시 강서구,2022-03-07
729,언양닭칼국수 강서점,부산광역시 강서구 화전산단4로 16(화전동),128.8798329,35.11081838,매우우수,HG230001827,부산광역시 강서구,2023-04-06
738,치킨마루 명지국제신도시점,부산광역시 강서구 명지국제2로28번길 23(2동 133호 명지동),128.9099048,35.09342409,매우우수,HG220006271,부산광역시 강서구,2022-08-03
739,인생아구찜,부산광역시 강서구 명지국제2로28번길 23(3동 1층 102호 명지동),128.9099048,35.09342409,매우우수,HG230004809,부산광역시 강서구,2023-07-17
740,노블랜드주식회사 롯데시네마 명지점,부산광역시 강서구 명지국제6로 107(2층 일부호 명지동),128.9108856,35.09286685,매우우수,HG230002423,부산광역시 강서구,2023-04-28
743,아찌라멘,부산광역시 강서구 명지국제6로 168(스타필드 시티 명지점 3층 3302호 명지동),128.9181487,35.09310945,매우우수,HG230008472,부산광역시 강서구,2023-11-09
744,필동함박 명지점,부산광역시 강서구 명지국제6로 168(스타필드 시티 명지점 3307호 명지동),128.9181487,35.09310945,매우우수,HG230007861,부산광역시 강서구,2023-10-20
749,몽돌캠핑,부산광역시 강서구 명지국제8로 286(203호 일부 명지동),128.9240307,35.09730135,좋음,HG220003325,부산광역시 강서구,2022-05-11
750,시민족발보쌈 명지점,부산광역시 강서구 명지국제8로 287(108호 명지동),128.9241698,35.09796733,우수,HG220009898,부산광역시 강서구,2022-11-11
751,청년숯불두마리치킨,부산광역시 강서구 명지국제8로 287(1층 105호 명지동),128.9241698,35.09796733,매우우수,HG230008660,부산광역시 강서구,2023-11-10
753,플레이팅 김해공항 국내선3F점,부산광역시 강서구 공항진입로 108(김해공항 국내선 3층 일부호 대저2동),128.9469636,35.17292343,매우우수,HG220009598,부산광역시 강서구,2022-11-03
757,현풍닭칼국수 부산명지점,"부산광역시 강서구 명지국제8로 286(201, 204호 명지동)",128.9240307,35.09730135,매우우수,HG230002811,부산광역시 강서구,2023-05-16
759,르번미 스타필드명지점,부산광역시 강서구 명지국제6로 168(스타필드 시티 명지점 1층 1147호 명지동),128.9181487,35.09310945,매우우수,HG220010635,부산광역시 강서구,2022-11-30
762,코지하우스 명지점,부산광역시 강서구 명지국제11로 70(1층 명지동),128.9259254,35.10384015,매우우수,HG230002454,부산광역시 강서구,2023-05-02
763,웨이쿡 아시아드점,"부산광역시 연제구 종합운동장로 7(거제동,홈플러스아시아드점내)",129.0620097,35.19126678,매우우수,HG200007833,부산광역시 연제구,2022-10-23
766,송정집 칼국수,부산광역시 연제구 종합운동장로 7(홈플러스아시아드점 지하2층 거제동),129.0620097,35.19126678,매우우수,HG200007835,부산광역시 연제구,2022-10-23
767,홍대개미,부산광역시 연제구 종합운동장로 7(홈플러스 아시아드점 지하2층 거제동),129.0620097,35.19126678,매우우수,HG230002926,부산광역시 연제구,2023-05-17
768,초밥쟁이,"부산광역시 연제구 종합운동장로28번길 7(101동 104호 거제동, 부산 아시아드 코오롱 하늘채 아파트)",129.0647509,35.19348713,매우우수,HG220008200,부산광역시 연제구,2022-09-29
769,오븐마루 사직거제점,부산광역시 연제구 법원북로3번길 11(1층 거제동),129.0673234,35.19371685,매우우수,HG220010699,부산광역시 연제구,2022-12-06
779,동백한우,부산광역시 연제구 신촌로 35(1층 연산동),129.0747436,35.18351954,매우우수,HG230006758,부산광역시 연제구,2023-09-12
781,별난 수작요리 팩토리,부산광역시 연제구 거제천로 124(2층 연산동),129.0752859,35.18467751,우수,HG220001895,부산광역시 연제구,2022-03-25
782,신창국밥 거제점,"부산광역시 연제구 법원남로10번길 23-1(1층 101,102호 거제동, 나경빌딩)",129.075419,35.19143673,매우우수,HG220007829,부산광역시 연제구,2022-09-16
791,친절한 근자씨 양곱창,부산광역시 연제구 고분로31번길 25(4층 연산동),129.0857343,35.18685566,매우우수,HG220009534,부산광역시 연제구,2022-11-02
792,피자와썹,부산광역시 연제구 거제천로230번길 81(1층 103호 연산동),129.0832183,35.18838354,매우우수,HG230006466,부산광역시 연제구,2023-09-01
793,천라쿵푸 마라탕,"부산광역시 연제구 반송로 22(1층 1,5,6,7호 연산동, 동서상가)",129.0836291,35.18707285,좋음,HG230006256,부산광역시 연제구,2023-08-28
795,경성밥상,"부산광역시 연제구 반송로 32-15(연산동,연산1동)",129.0847871,35.18745908,매우우수,HG230006255,부산광역시 연제구,2023-08-28
796,불백고수락 연산점,부산광역시 연제구 거제천로 258(연산동),129.0852596,35.19161023,우수,HG220007744,부산광역시 연제구,2022-09-14
797,대패가1900 연산점,부산광역시 연제구 쌍미천로141번길 11(1층 연산동),129.0864688,35.18511841,매우우수,HG220001847,부산광역시 연제구,2022-03-23
798,정성다믐,부산광역시 연제구 대리로6번길 121(1층 연산동),129.0867534,35.17599381,매우우수,HG220007725,부산광역시 연제구,2022-09-14
800,족보잇는국밥,부산광역시 연제구 과정로343번길 22(더스타 1층 연산동),129.0890937,35.1901065,우수,HG220001915,부산광역시 연제구,2022-03-25
802,5월의 반찜,부산광역시 연제구 고분로 66(1층 연산동),129.0895255,35.18545147,매우우수,HG230006016,부산광역시 연제구,2023-08-21
804,미니니(MInini),부산광역시 연제구 배산북로 5(연산동),129.0929533,35.17496446,매우우수,HG220001577,부산광역시 연제구,2022-03-16
812,bhc 토곡중앙점,부산광역시 연제구 고분로 245(연산동),129.1089594,35.18465289,우수,HG210002326,부산광역시 연제구,2023-04-02
813,CGV 아시아드,부산광역시 연제구 종합운동장로 7(홈플러스아시아드점  B2층 거제동),129.0620097,35.19126678,우수,HG220007482,부산광역시 연제구,2022-09-06
814,스위츠온 Sweets On,부산광역시 연제구 대리로6번길 115(1층 연산동),129.0866358,35.17622923,매우우수,HG230006939,부산광역시 연제구,2023-09-18
816,모퉁이,부산광역시 연제구 월드컵대로187번길 20(1층 거제동),129.0753499,35.18703858,좋음,HG220007323,부산광역시 연제구,2022-09-01
817,호미스 사직거제점,부산광역시 연제구 거제대로252번길 5(1층 거제동),129.0758751,35.18939554,매우우수,HG220008218,부산광역시 연제구,2022-09-29
818,맥주밤거리,부산광역시 연제구 중앙대로1150번길 26(1층 일부호 연산동),129.0823087,35.19016741,매우우수,HG220007764,부산광역시 연제구,2022-09-15
819,백리향&밀면,부산광역시 수영구 연수로263번길 12-17(망미동),129.1004686,35.17380564,우수,HG230002028,부산광역시 수영구,2023-04-13
823,열정국밥,부산광역시 수영구 수영로507번길 57-5(1층 광안동),129.1087868,35.15257413,우수,HG230005787,부산광역시 수영구,2023-08-11
825,신창국밥,부산광역시 수영구 남천동로24번길 42(1층 남천동),129.110192,35.14050065,우수,HG220002747,부산광역시 수영구,2022-04-22
826,국순만,"부산광역시 수영구 망미번영로60번길 8(106,107호 수영동)",129.1101862,35.17234675,매우우수,HG230000328,부산광역시 수영구,2023-02-01
828,토종진순대,부산광역시 수영구 수영로521번길 5(1층 광안동),129.1113064,35.15223553,매우우수,HG230006943,부산광역시 수영구,2023-09-18
830,언양닭칼국수 수영구청점,부산광역시 수영구 남천동로108번길 9(1층 남천동),129.1118355,35.145957,매우우수,HG230001972,부산광역시 수영구,2023-04-11
841,용감한 식당 수영점,부산광역시 수영구 좌수영로 131-13(망미동),129.1173261,35.17586852,매우우수,HG230004593,부산광역시 수영구,2023-07-10
843,스카이라운지,"부산광역시 수영구 광안해변로 229(광안동서커스빌딩 15, 옥상층 광안동)",129.1190835,35.15432718,매우우수,HG220005388,부산광역시 수영구,2022-07-11
848,꼬김빱 광안리점,부산광역시 수영구 민락수변로17번길 36(타워더모스트 광안 1층 111호 민락동),129.1260625,35.1542354,매우우수,HG230003632,부산광역시 수영구,2023-06-15
849,탑해장,부산광역시 수영구 민락수변로7번길 60(상가동 101호 민락동),129.126607,35.15551931,우수,HG230001603,부산광역시 수영구,2023-03-30
850,랑 밀락더마켓점,부산광역시 수영구 민락수변로17번길 56(2층 A-4호 민락동),129.127039,35.15421729,매우우수,HG230003705,부산광역시 수영구,2023-06-15
851,두장원,부산광역시 수영구 민락수변로17번길 56(2층 A-3호 민락동),129.127039,35.15421729,매우우수,HG230003706,부산광역시 수영구,2023-06-15
852,푸키스,부산광역시 수영구 민락수변로17번길 56(2층 B-4호 민락동),129.127039,35.15421729,매우우수,HG230003703,부산광역시 수영구,2023-06-15
853,(주)버거스올마이티 밀락더마켓점,부산광역시 수영구 민락수변로17번길 56(2층 D-3호 민락동),129.127039,35.15421729,매우우수,HG230003702,부산광역시 수영구,2023-06-15
856,램바란스 프리미엄 광안,부산광역시 수영구 민락수변로 125(4층 401호 민락동),129.1340776,35.15525122,매우우수,HG230007909,부산광역시 수영구,2023-10-23
858,호식이 두마리 치킨 남천점,부산광역시 수영구 남천동로 33(남천동 코오롱 하늘채 골든비치 501동 지12호 남천동),129.1118075,35.14148637,우수,HG230000431,부산광역시 수영구,2023-02-08
859,브알라 광안점,부산광역시 수영구 광안해변로 165(광안지웰 에스테이트 1동 1층 104호 광안동),129.1150236,35.14957829,우수,HG220006813,부산광역시 수영구,2022-08-17
860,로얄경양식&스테이크(광안점),부산광역시 수영구 민락수변로 29(바다마루 2층 201~203호 민락동),129.1246768,35.15323873,우수,HG210005443,부산광역시 수영구,2023-06-18
861,광안목,부산광역시 수영구 광남로 156(1층 민락동),129.1184449,35.15498209,매우우수,HG220008023,부산광역시 수영구,2022-09-22
862,양산도 광안점,부산광역시 수영구 광안로 21(2층 광안동),129.1152717,35.15648965,매우우수,HG220000933,부산광역시 수영구,2022-02-17
864,현풍닭칼국수 광안점,부산광역시 수영구 수영로 517(센터럴타워 1층 102호 광안동),129.1112935,35.15209143,매우우수,HG230005340,부산광역시 수영구,2023-08-01
865,경원해물찜,부산광역시 사상구 농산물시장로 22(1층 104호 엄궁동),128.9657516,35.12694754,좋음,HG220009650,부산광역시 사상구,2022-11-04
866,베러먼데이 감전산업용품상가점,부산광역시 사상구 낙동대로 910(감전동),128.9705532,35.14137668,매우우수,HG220008723,부산광역시 사상구,2022-10-12
870,bhc 엄궁점,부산광역시 사상구 엄궁로179번길 17(엄궁동),128.9749004,35.12864095,매우우수,HG210002942,부산광역시 사상구,2023-04-19
873,맥시칸 치킨,부산광역시 사상구 운산로 21(동양한신아파트 상가3동 320호 삼락동),128.9792502,35.16929511,매우우수,HG220008760,부산광역시 사상구,2022-10-13
875,사상갈비,부산광역시 사상구 광장로37번길 77(1층 괘법동),128.9807631,35.16638936,매우우수,HG230007611,부산광역시 사상구,2023-10-12
876,북촌손만두 사상애플아울렛점,부산광역시 사상구 사상로 201(2층 괘법동),128.9809875,35.1631425,매우우수,HG220009868,부산광역시 사상구,2022-11-10
877,연돈볼카츠 부산서부터미널점,부산광역시 사상구 사상로 201(서부시외버스터미널 본관동 2층 괘법동),128.9809875,35.1631425,매우우수,HG230004785,부산광역시 사상구,2023-07-13
878,고구려짬뽕10101 애플아울렛 사상점,부산광역시 사상구 사상로 201(2층 3호 괘법동),128.9809875,35.1631425,우수,HG200008423,부산광역시 사상구,2022-11-11
879,정가집,"부산광역시 사상구 사상로 201(1호 괘법동, 애플아울렛)",128.9809875,35.1631425,우수,HG220001796,부산광역시 사상구,2022-03-23
881,정담,"부산광역시 사상구 사상로 201(2층 15호 괘법동, 애플 아울렛)",128.9809875,35.1631425,우수,HG220009878,부산광역시 사상구,2022-11-10
882,남포수제비 애플아울렛,부산광역시 사상구 사상로 201(애플아울렛 본관동 2층 7호 괘법동),128.9809875,35.1631425,우수,HG220001774,부산광역시 사상구,2022-03-23
884,뉴욕버거 학장점,부산광역시 사상구 대동로 133-2(1층 학장동),128.9818213,35.14030324,매우우수,HG230007771,부산광역시 사상구,2023-10-18
889,명랑핫도그 사상점,부산광역시 사상구 사상로212번길 6(A동 1층 괘법동),128.9842463,35.16395433,매우우수,HG220006882,부산광역시 사상구,2022-08-19
890,피크피크커피,부산광역시 사상구 모라로 22(부산벤처타워 109호 모라동),128.9847254,35.19090221,매우우수,HG220000619,부산광역시 사상구,2022-02-04
892,열정국밥,부산광역시 사상구 삼덕로89번길 19(1층 덕포동),128.9865445,35.17426564,매우우수,HG230005524,부산광역시 사상구,2023-08-07
895,B.H.C 치킨,부산광역시 사상구 덕상로 25(1층 덕포동),128.989447,35.17371912,우수,HG210010926,부산광역시 사상구,2021-11-23
900,교촌모라점,부산광역시 사상구 백양대로 937(모라동),128.9913459,35.18994672,매우우수,HG210010986,부산광역시 사상구,2021-11-25
902,코지 하우스 주례점,부산광역시 사상구 주례로10번길 106(2층 주례동),129.0055337,35.14998786,매우우수,HG230008881,부산광역시 사상구,2023-11-13
905,하얼빈마라탕,부산광역시 사상구 가야대로366번길 22(2층 주례동),129.0125139,35.15000176,매우우수,HG230008845,부산광역시 사상구,2023-11-13
909,튀김 참 잘하는집,부산광역시 사상구 운산로 68(1층 괘법동),128.9835714,35.16715077,매우우수,HG220008507,부산광역시 사상구,2022-10-06
910,본 도시락 엄궁점,"부산광역시 사상구 엄궁북로 40(510동 101호 엄궁동, 롯데캐슬리버 상가1동)",128.9744963,35.12787801,좋음,HG190000167,부산광역시 사상구,2023-03-13
914,대왕불맛,부산광역시 사상구 덕상로 54(1층 덕포동),128.9900582,35.17613887,매우우수,HG210004113,부산광역시 사상구,2023-05-18
915,？？돈까스 모라점,부산광역시 사상구 백양대로 931(1층 모라동),128.9911192,35.18936267,좋음,HG220008741,부산광역시 사상구,2022-10-13
924,온기정,부산광역시 기장군 기장읍 기장해안로 147(롯데몰 동부산점 3층),129.2127825,35.19221051,매우우수,HG220008249,부산광역시 기장군,2022-09-29
925,스시츠카무 동부산점,부산광역시 기장군 기장읍 기장해안로 147(롯데몰 동부산점 3층),129.2127825,35.19221051,매우우수,HG220008254,부산광역시 기장군,2022-09-29
926,오장동흥남집 롯데동부산점,부산광역시 기장군 기장읍 기장해안로 147(롯데몰 동부산점 3층),129.2127825,35.19221051,매우우수,HG220008120,부산광역시 기장군,2022-09-27
927,한양중식,부산광역시 기장군 기장읍 기장해안로 147(롯데몰 동부산점 3층),129.2127825,35.19221051,매우우수,HG220008044,부산광역시 기장군,2022-09-27
928,진가와 롯데아울렛 동부산점,부산광역시 기장군 기장읍 기장해안로 147(롯데몰 동부산점 3층),129.2127825,35.19221051,매우우수,HG220008043,부산광역시 기장군,2022-09-27
929,타쿠미 롯데아울렛 동부산점,부산광역시 기장군 기장읍 기장해안로 147(롯데몰 동부산점 3층),129.2127825,35.19221051,매우우수,HG220008071,부산광역시 기장군,2022-09-27
931,애슐리퀸즈 롯데아울렛 동부산점,부산광역시 기장군 기장읍 기장해안로 147(롯데몰 동부산점 3층),129.2127825,35.19221051,매우우수,HG230008649,부산광역시 기장군,2023-11-10
932,리미니 롯데아울렛 동부산점,부산광역시 기장군 기장읍 기장해안로 147(롯데몰 동부산점 3층),129.2127825,35.19221051,매우우수,HG230008669,부산광역시 기장군,2023-11-10
933,롱브레드 롯데몰동부산점,부산광역시 기장군 기장읍 기장해안로 147(롯데몰 동부산점 1층),129.2127825,35.19221051,매우우수,HG220006437,부산광역시 기장군,2022-08-09
935,남도분식,부산광역시 기장군 기장읍 동부산관광로 42(43 W06동),129.2129711,35.19603043,매우우수,HG230000448,부산광역시 기장군,2023-02-10
938,바이킹스낵(윙고),부산광역시 기장군 기장읍 동부산관광로 42(50 W07-g동),129.2129711,35.19603043,매우우수,HG220006616,부산광역시 기장군,2022-08-11
939,올릭,부산광역시 기장군 기장읍 동부산관광7로 17(마티에 오시리아 26층),129.213499,35.18871501,매우우수,HG230008272,부산광역시 기장군,2023-10-31
940,골든리지 마티에오시리아,부산광역시 기장군 기장읍 동부산관광7로 17(오시리아 스위첸 마티에 105동 25층),129.213499,35.18871501,매우우수,HG230008271,부산광역시 기장군,2023-10-31
941,코지하우스 동부산롯데월드점,"부산광역시 기장군 기장읍 동부산관광로 34(A동 101-1호,101-2호 [*미고시])",129.2139718,35.1939202,매우우수,HG220001881,부산광역시 기장군,2022-03-25
942,101번지남산돈까스 오시리아테마파크 미식일상점,부산광역시 기장군 기장읍 동부산관광로 34(A동 101-3호 [*미고시]),129.2139718,35.1939202,매우우수,HG220001882,부산광역시 기장군,2022-03-25
951,스낵바2(풀바),부산광역시 기장군 기장읍 기장해안로 267-17(1층),129.220257,35.20227575,매우우수,HG230006700,부산광역시 기장군,2023-09-08
952,르블랑(Le Blanc),부산광역시 기장군 기장읍 기장해안로 267-17(엘피크리스탈메인동 2층),129.220257,35.20227575,매우우수,HG230006702,부산광역시 기장군,2023-09-08
953,스낵바1,부산광역시 기장군 기장읍 기장해안로 267-7(1층),129.221565,35.19869312,매우우수,HG230006699,부산광역시 기장군,2023-09-08
954,베케트,부산광역시 기장군 기장읍 기장해안로 267-7(1층),129.221565,35.19869312,매우우수,HG230006698,부산광역시 기장군,2023-09-08
955,Virginia(버지니아),부산광역시 기장군 기장읍 기장해안로 267-7(아난티 앳 부산호텔 12층),129.221565,35.19869312,매우우수,HG230006701,부산광역시 기장군,2023-09-08
958,맥퀸즈바앤그릴(McQueen's Bar&Grill),부산광역시 기장군 기장읍 기장해안로 268-32(본동 10층 힐튼호텔),129.2285853,35.19818935,매우우수,HG180001016,부산광역시 기장군,2022-11-08
959,이(E)까페,부산광역시 기장군 기장읍 기장해안로 268-32(지하2층 본동),129.2285853,35.19818935,매우우수,HG210003972,부산광역시 기장군,2023-05-12
960,다모임(DaMOIM),부산광역시 기장군 기장읍 기장해안로 268-32(본동 지하1~지하2층 힐튼호텔),129.2285853,35.19818935,매우우수,HG180001014,부산광역시 기장군,2022-11-08
961,맥퀸즈라운지(McQueen's Lounge),부산광역시 기장군 기장읍 기장해안로 268-32(본동 10층 힐튼부산),129.2285853,35.19818935,매우우수,HG230003229,부산광역시 기장군,2023-05-26
962,오버랩,부산광역시 기장군 기장읍 기장해안로 268-32(K동 1층),129.2285853,35.19818935,매우우수,HG220003047,부산광역시 기장군,2022-05-02
963,워치유어스텝,부산광역시 기장군 기장읍 기장해안로 268-31(지하3층),129.2289006,35.20016015,매우우수,HG230001894,부산광역시 기장군,2023-04-10
964,라메르(lamer),부산광역시 기장군 기장읍 기장해안로 268-31(지하1층),129.2289006,35.20016015,매우우수,HG220009532,부산광역시 기장군,2022-11-02
965,아라치 일광점,부산광역시 기장군 일광읍 해송1로 33(상가동 203호 일광 신도시 비스타 동원 2차),129.2301,35.26864259,매우우수,HG230007594,부산광역시 기장군,2023-10-12
967,셀렉더테이블,"부산광역시 기장군 장안읍 정관로 1133(부산프리미엄아울렛 100동 2층 453,455,457,459,461호)",129.2349503,35.32381009,매우우수,HG190002436,부산광역시 기장군,2021-12-12
968,구슬함박,부산광역시 기장군 장안읍 정관로 1133(부산프리미엄아울렛 100동 2층 465호),129.2349503,35.32381009,매우우수,HG220000671,부산광역시 기장군,2022-02-07
969,생어거스틴 부산프리미엄아울렛점,부산광역시 기장군 장안읍 정관로 1133(1500동 1층 180호 부산프리미엄아울렛),129.2349503,35.32381009,좋음,HG220000672,부산광역시 기장군,2022-02-07
970,일광개발(주) 베이사이드골프클럽 레스토랑,부산광역시 기장군 일광면 이천8길 100(베이사이드골프클럽),129.2395335,35.28185022,매우우수,HG180001246,부산광역시 기장군,2022-12-12
972,이가네 떡볶이,부산광역시 기장군 기장읍 기장해안로 147(롯데몰 3층),129.2127825,35.19221051,매우우수,HG220008272,부산광역시 기장군,2022-09-29
973,이케아 비스트로,부산광역시 기장군 기장읍 동부산관광3로 17,129.2102724,35.19028869,매우우수,HG230004598,부산광역시 기장군,2023-07-10
975,이케아 레스토랑앤카페,부산광역시 기장군 기장읍 동부산관광3로 17,129.2102724,35.19028869,매우우수,HG230004597,부산광역시 기장군,2023-07-10
979,본가 부산 일광점,부산광역시 기장군 일광면 해송1로 5(1층),129.2287681,35.26633063,좋음,HG220004063,부산광역시 기장군,2022-06-02
980,파이러츠바,부산광역시 기장군 기장읍 동부산관광로 42(52 W09동),129.2129711,35.19603043,매우우수,HG220008705,부산광역시 기장군,2022-10-12
981,모리스카페,부산광역시 기장군 기장읍 동부산관광로 42(26 J16동),129.2129711,35.19603043,매우우수,HG220008682,부산광역시 기장군,2022-10-12
982,캐비네 드 쁘아송(Cabinet de Poissons),부산광역시 기장군 기장읍 기장해안로 268-31(E104호),129.2289006,35.20016015,매우우수,HG210003986,부산광역시 기장군,2023-05-13
985,강다짐 정관신도시점,부산광역시 기장군 정관읍 정관로 565(1동 101호),129.1759497,35.32180314,매우우수,HG220002551,부산광역시 기장군,2022-04-14
986,차알 부산기장 주식회사,부산광역시 기장군 기장읍 동부산관광로 34(오시리아테마파크 A동 204호 [*미고시]),129.2139718,35.1939202,매우우수,HG220001880,부산광역시 기장군,2022-03-25
988,카가와식당 부산기장롯데월드점,부산광역시 기장군 기장읍 동부산관광로 34(A동 1층 101-4호 [*미고시]),129.2139718,35.1939202,매우우수,HG220001878,부산광역시 기장군,2022-03-25
989,콘타이,부산광역시 기장군 기장읍 동부산관광로 34(1층 101-5호 [*미고시]),129.2139718,35.1939202,매우우수,HG220002824,부산광역시 기장군,2022-04-25
990,언양닭칼국수 정관점,"부산광역시 기장군 정관읍 정관6로 31(109,110호)",129.1774478,35.3196974,매우우수,HG230002344,부산광역시 기장군,2023-04-25
991,신차이 롯데월드어드벤처 부산점,부산광역시 기장군 기장읍 동부산관광로 42(3동 1층),129.2129711,35.19603043,매우우수,HG220008278,부산광역시 기장군,2022-09-29
993,바이킹스낵(모노브레드),부산광역시 기장군 기장읍 동부산관광로 42(49 W07-f동),129.2129711,35.19603043,매우우수,HG220006632,부산광역시 기장군,2022-08-11
994,조이풀푸드플라자,부산광역시 기장군 기장읍 동부산관광로 42(25 J13동),129.2129711,35.19603043,매우우수,HG230000449,부산광역시 기장군,2023-02-10
995,가든스낵,부산광역시 기장군 기장읍 동부산관광로 42(36 R09동),129.2129711,35.19603043,매우우수,HG230000451,부산광역시 기장군,2023-02-10
996,스톤게이트CC클럽하우스,산 252-51 외160필지,,,매우우수,HG180001279,부산광역시 기장군,2022-12-26
998,깡통골목할매 유부전골 본점,부산광역시 중구 부평3길 29(1층 부평동1가),129.0270669,35.10203275,매우우수,HG230005303,부산광역시 중구,2023-07-31
999,크러그 남포점,부산광역시 중구 광복로 23-1(1층 부평동1가),129.0276714,35.09951271,우수,HG230007372,부산광역시 중구,2023-10-04
1007,매머드익스프레스(MAMMOTH EXPRESS) 부산남포,부산광역시 중구 구덕로 50(1층 남포동5가),129.0303572,35.09853439,매우우수,HG210010011,부산광역시 중구,2023-10-25
1014,교자연,"부산광역시 중구 중앙대로 2(지하1층 중앙동7가, 외 110필지 롯데백화점)",129.0367048,35.09830894,매우우수,HG220010894,부산광역시 중구,2022-12-09
1015,비첸향,"부산광역시 중구 중앙대로 2(지하1층 중앙동7가, 롯데백화점)",129.0367048,35.09830894,매우우수,HG230002817,부산광역시 중구,2023-05-16
1016,롯데푸드(주) 파스퇴르 밀크바 광복점,"부산광역시 중구 중앙대로 2(중앙동7가, 롯데백화점 광복점 아쿠아몰 지하1층)",129.0367048,35.09830894,매우우수,HG220005332,부산광역시 중구,2022-07-07
1017,라비타커피(Lavita Coffee),"부산광역시 중구 중앙대로 2(지하1층 중앙동7가, 외 110필지 롯데백화점)",129.0367048,35.09830894,매우우수,HG190002857,부산광역시 중구,2021-12-30
1018,롬카페 롯데백화점광복점,"부산광역시 중구 중앙대로 2(5층 중앙동7가, 롯데백화점광복점 아쿠아몰)",129.0367048,35.09830894,매우우수,HG190000849,부산광역시 중구,2023-07-29
1019,롯데푸드(주)롯데백화점 광복점 커피,"부산광역시 중구 중앙대로 2(지하1층 중앙동7가, 외 110필지 롯데백화점)",129.0367048,35.09830894,매우우수,HG190002842,부산광역시 중구,2021-12-30
1020,수림식당 광복점,부산광역시 중구 중앙대로 2(롯데백화점광복점 지하1층 중앙동7가),129.0367048,35.09830894,매우우수,HG220008734,부산광역시 중구,2022-10-12
1021,라이네쎄광복점,부산광역시 중구 중앙대로 2(롯데백화점광복점 2층 중앙동7가),129.0367048,35.09830894,매우우수,HG230002814,부산광역시 중구,2023-05-16
1022,도제 롯데백화점 광복점,부산광역시 중구 중앙대로 2(롯데백화점광복점 지하1층 중앙동7가),129.0367048,35.09830894,매우우수,HG230000582,부산광역시 중구,2023-02-16
1023,챔피언1250X맘스카페,부산광역시 중구 중앙대로 2(롯데백화점광복점 7층 중앙동7가),129.0367048,35.09830894,매우우수,HG230002820,부산광역시 중구,2023-05-16
1024,블랙업커피 롯데광복,부산광역시 중구 중앙대로 2(롯데백화점광복점 지하1층 중앙동7가),129.0367048,35.09830894,매우우수,HG230006623,부산광역시 중구,2023-09-06
1025,고구려푸드 영남지사,부산광역시 중구 중앙대로 2(롯데백화점광복점 지하1층 중앙동7가),129.0367048,35.09830894,우수,HG220008717,부산광역시 중구,2022-10-12
1026,(주)브라운핸즈 부산광복점,부산광역시 중구 중앙대로 2(롯데백화점광복점 10층 중앙동7가),129.0367048,35.09830894,매우우수,HG230000552,부산광역시 중구,2023-02-16
1027,롯데쇼핑(주)롯데마트광복점,"부산광역시 중구 중앙대로 2(지하1층 중앙동7가, 롯데몰마트시네마동롯데마트광복점)",129.0367048,35.09830894,매우우수,HG200004930,부산광역시 중구,2022-07-28
1030,롯데쇼핑(주)롯데마트광복점,"부산광역시 중구 중앙대로 2(지하1층 중앙동7가, 롯데몰마트시네마동롯데마트광복점)",129.0367048,35.09830894,매우우수,HG200004918,부산광역시 중구,2022-07-28
1031,제주스,부산광역시 중구 중앙대로 2(롯데백화점광복점 지하1층 중앙동7가),129.0367048,35.09830894,매우우수,HG190002880,부산광역시 중구,2021-12-30
1032,(주)고래사 롯데백화점광복점,부산광역시 중구 중앙대로 2(롯데백화점광복점 지하1층 중앙동7가),129.0367048,35.09830894,매우우수,HG230002874,부산광역시 중구,2023-05-16
1033,매머드익스프레스 부산중앙역점,부산광역시 중구 충장대로4번길 6(1층 중앙동4가),129.0368068,35.1046269,매우우수,HG220009083,부산광역시 중구,2022-10-24
1035,카페 파스쿠치,부산광역시 중구 충장대로9번길 66(중앙동4가),129.0394534,35.11091402,매우우수,HG220002978,부산광역시 중구,2022-04-28
1037,잣품은 그집 호두과자,부산광역시 중구 중앙대로 2(롯데백화점광복점 지하1층 중앙동7가),129.0367048,35.09830894,매우우수,HG200009466,부산광역시 중구,2022-12-08
1041,코심,부산광역시 중구 중구로33번길 33-1(1층 부평동2가),129.0260214,35.10087881,매우우수,HG220009209,부산광역시 중구,2022-10-26
1050,파스쿠치 부산대병원점,"부산광역시 서구 까치고개로197번길 3(아미동2가, 나동 1층일부 2층전체)",129.0171834,35.10018719,매우우수,HG200004915,부산광역시 서구,2022-07-28
1053,cafe051 부산대학병원점,부산광역시 서구 구덕로193번길 12-10(부민동2가),129.0192843,35.10243205,매우우수,HG220009670,부산광역시 서구,2022-11-04
1063,하이오,"부산광역시 서구 동대로19번길 32(301동 102호 동대신동3가, 브라운스톤 하이포레)",129.0191332,35.11846028,매우우수,HG220003146,부산광역시 서구,2022-05-04
1066,스토리오브라망 차이나타운점1-1,부산광역시 동구 중앙대로179번길 27(부산역 삼정그린코아 더시티 B103호 초량동),129.0372274,35.11356521,매우우수,HG230008537,부산광역시 동구,2023-11-09
1075,삼진어묵(주) 부산역광장,부산광역시 동구 중앙대로214번길 7(초량동),129.0413414,35.11617099,매우우수,HG190001214,부산광역시 동구,2023-09-24
1077,백미당,부산광역시 동구 중앙대로 206(한국철도공사부산지역본부 부산역사내 2층 초량동),129.0450567,35.11760826,매우우수,HG230002837,부산광역시 동구,2023-05-16
1078,카페트리핀,부산광역시 동구 중앙대로 206(초량동),129.0450567,35.11760826,매우우수,HG230002998,부산광역시 동구,2023-05-22
1081,환공어묵,부산광역시 동구 중앙대로 206(초량동),129.0450567,35.11760826,매우우수,HG190001128,부산광역시 동구,2023-09-24
1082,카페드크래프트,"부산광역시 동구 중앙대로 206(초량동,,3층일부)",129.0450567,35.11760826,매우우수,HG230002836,부산광역시 동구,2023-05-16
1083,커휘,부산광역시 동구 중앙대로371번길 73(1층 수정동),129.0452237,35.13065908,매우우수,HG230008873,부산광역시 동구,2023-11-13
1086,cafe 레브,부산광역시 동구 정공단로 27(1층 좌천동),129.0544185,35.13577136,매우우수,HG190002048,부산광역시 동구,2021-11-29
1088,지파시(G.FASSI) 현대부산점,"부산광역시 동구 범일로 125(지하2층 범일동, 현대백화점)",129.0585722,35.14130573,매우우수,HG200009136,부산광역시 동구,2022-12-01
1089,남포수제비&1972,부산광역시 동구 범일로 125(범일동),129.0585722,35.14130573,매우우수,HG200009421,부산광역시 동구,2022-12-04
1090,카페인잇,"부산광역시 동구 범일로 125(범일동,,9층일부)",129.0585722,35.14130573,우수,HG220008329,부산광역시 동구,2022-09-30
1091,잣 품은 그집 호두과자,부산광역시 동구 범일로 125(현대백화점 부산점 지하2층 범일동),129.0585722,35.14130573,매우우수,HG200009442,부산광역시 동구,2022-12-07
1100,진죽공방 부산현대점,부산광역시 동구 범일로 125(현대백화점 부산점 지하2층 범일동),129.0585722,35.14130573,매우우수,HG190002290,부산광역시 동구,2021-12-09
1102,헬로우빈,부산광역시 동구 자성로 110(백송빌딩 1~2층 범일동),129.0631122,35.1360108,매우우수,HG210006435,부산광역시 동구,2023-07-13
1103,룰루(LuLu),부산광역시 동구 범일로 125(현대백화점 부산점 지하2층 범일동),129.0585722,35.14130573,매우우수,HG220008466,부산광역시 동구,2022-10-06
1104,하이오 자성공원로점,부산광역시 동구 자성공원로 21(1층 범일동),129.0461119,35.13061535,매우우수,HG230008872,부산광역시 동구,2023-11-13
1106,떡만드는 앙드레,부산광역시 동구 범일로 125(현대백화점 부산점 지하2층 범일동),129.0585722,35.14130573,매우우수,HG220008369,부산광역시 동구,2022-09-30
1116,동삼커피,"부산광역시 영도구 절영로 524(201동 101호 동삼동, 롯데캐슬 블루오션)",129.0738477,35.07284511,매우우수,HG230006930,부산광역시 영도구,2023-09-18
1117,롯데쇼핑(주) 롯데슈퍼 부산영도점,부산광역시 영도구 태종로 759(신흥하리상가 1층 105호 동삼동),129.0807657,35.06864613,매우우수,HG230000933,부산광역시 영도구,2023-03-09
1118,카페파스쿠치태종대점,"부산광역시 영도구 태종로 794(1,2층 동삼동)",129.081065,35.06557869,매우우수,HG220006321,부산광역시 영도구,2022-08-04
1119,빡벳 부산영도오션시티점,부산광역시 영도구 동삼오션로 30(124호 동삼동),129.0838231,35.06853769,매우우수,HG230006980,부산광역시 영도구,2023-09-18
1124,크러그,"부산광역시 영도구 남항서로 123(101,102호 남항동1가, 정림위더스하임)",129.0372857,35.09136315,매우우수,HG230001023,부산광역시 영도구,2023-03-14
1131,하이오 커피 가야공원점,"부산광역시 부산진구 가야공원로 6(상가동 B108호 가야동, 가야센트레빌)",129.0289261,35.15299116,우수,HG230006502,부산광역시 부산진구,2023-09-01
1136,카페cafe051 백양산롯데캐슬점,부산광역시 부산진구 당감서로98번길 29(1층 일부 부암동),129.0357802,35.16986087,매우우수,HG230008335,부산광역시 부산진구,2023-10-31
1143,돼지팥빙수,부산광역시 부산진구 백양대로78번길 29(1층 당감동),129.0406243,35.16321208,매우우수,HG210000364,부산광역시 부산진구,2023-01-28
1144,명랑 핫도그 부산초읍점,"부산광역시 부산진구 새싹로 281(1동 1층 101호 초읍동, 그랜드파크휘문)",129.0470214,35.18099543,매우우수,HG220010909,부산광역시 부산진구,2022-12-09
1151,롯데쇼핑(주)롯데키마트 부산점,"부산광역시 부산진구 신천대로 241(부암동,롯데키즈마트부산점1층)",129.049319,35.16330824,매우우수,HG220003000,부산광역시 부산진구,2022-04-29
1153,롯데쇼핑(주)롯데키즈마트 부산점,"부산광역시 부산진구 신천대로 241(부암동,롯데키즈마트부산점1층)",129.049319,35.16330824,매우우수,HG220003004,부산광역시 부산진구,2022-04-29
1160,고디바,"부산광역시 부산진구 가야대로 772(지하1층 부전동, 롯데백화점)",129.0564133,35.15679253,매우우수,HG200006994,부산광역시 부산진구,2022-09-23
1162,롯데푸드(주)롯데백화점부산점커피,"부산광역시 부산진구 가야대로 772(지하2층 부전동, 롯데백화점)",129.0564133,35.15679253,매우우수,HG200000677,부산광역시 부산진구,2022-02-27
1164,주식회사 밀탑1985,부산광역시 부산진구 가야대로 772(롯데백화점부산본점 9층 부전동),129.0564133,35.15679253,매우우수,HG230004072,부산광역시 부산진구,2023-06-22
1165,오규당 롯데부산본점,부산광역시 부산진구 가야대로 772(롯데백화점부산본점 지하2층 부전동),129.0564133,35.15679253,매우우수,HG220007261,부산광역시 부산진구,2022-08-31
1166,올빚만두,부산광역시 부산진구 가야대로 772(지하2층 부전동),129.0564133,35.15679253,매우우수,HG220007282,부산광역시 부산진구,2022-08-31
1170,프룻테리아,"부산광역시 부산진구 가야대로 772(지하2층 부전동, 롯데백화점 부산본점)",129.0564133,35.15679253,매우우수,HG230004169,부산광역시 부산진구,2023-06-26
1171,백미당롯데부산서면점,"부산광역시 부산진구 가야대로 772(지하2층 부전동, 롯데백화점 부산본점)",129.0564133,35.15679253,매우우수,HG210005760,부산광역시 부산진구,2023-06-25
1190,베러먼데이 서면점,부산광역시 부산진구 중앙대로680번가길 25(지하1~지상1층 부전동),129.0607308,35.15457338,매우우수,HG220002261,부산광역시 부산진구,2022-04-08
1205,오가다서면엔씨점,"부산광역시 부산진구 동천로 92(4층 전포동, 엔씨)",129.0630128,35.15703218,매우우수,HG220002337,부산광역시 부산진구,2022-04-11
1208,앤티앤스엔씨서면점,"부산광역시 부산진구 동천로 92(2층 전포동, 엔씨)",129.0630128,35.15703218,매우우수,HG220002339,부산광역시 부산진구,2022-04-11
1215,위치커피부산전포점,"부산광역시 부산진구 전포대로306번길 46(1층 일부, 지하1층 일부 전포동)",129.0669648,35.16631779,매우우수,HG210005700,부산광역시 부산진구,2023-06-24
1216,고유(koyu),부산광역시 부산진구 동성로 61-1(1층 전포동),129.0681588,35.15606744,매우우수,HG230007445,부산광역시 부산진구,2023-10-05
1225,용호동할매팥빙수단팥죽,부산광역시 부산진구 가야대로 772(롯데백화점 지하2층 부전동),129.0564133,35.15679253,매우우수,HG210005181,부산광역시 부산진구,2023-06-14
1226,놈커피,부산광역시 부산진구 중앙대로 668(에이원플라자 105호 부전동),129.0595943,35.15241999,매우우수,HG230000246,부산광역시 부산진구,2023-01-26
1228,베이크,"부산광역시 부산진구 가야대로 772(지하1층 부전동, 롯데백화점)",129.0564133,35.15679253,매우우수,HG200000654,부산광역시 부산진구,2022-02-27
1229,집밥이좋다,"부산광역시 부산진구 가야대로 772(지하1층 부전동, 롯데백화점부산본점)",129.0564133,35.15679253,매우우수,HG200000635,부산광역시 부산진구,2022-02-27
1230,전광수커피하우스 롯데서면점,"부산광역시 부산진구 가야대로 772(지하1층 부전동, 롯데백화점본점)",129.0564133,35.15679253,매우우수,HG200000679,부산광역시 부산진구,2022-02-27
1232,삼정타워 서면점 챔피언 맘스카페,부산광역시 부산진구 중앙대로 672(삼정타워 7층 711호 부전동),129.0596019,35.15300583,매우우수,HG220010690,부산광역시 부산진구,2022-12-05
1235,도제유부초밥,부산광역시 부산진구 가야대로 772(지하1층 부전동),129.0564133,35.15679253,매우우수,HG220007177,부산광역시 부산진구,2022-08-29
1239,051커피 초읍점,부산광역시 부산진구 성지로 93(1층 초읍동),129.0529205,35.17870877,우수,HG220003721,부산광역시 부산진구,2022-05-24
1240,배러먼데이 개금점,부산광역시 부산진구 엄광로 25(1층 개금동),129.0188474,35.14832608,매우우수,HG220002227,부산광역시 부산진구,2022-04-07
1245,노아스로스팅 롯데백화점부산본점점,부산광역시 부산진구 가야대로 772(롯데백화점부산본점 9층 부전동),129.0564133,35.15679253,매우우수,HG220007201,부산광역시 부산진구,2022-08-29
1247,GS더프레시 초읍점,부산광역시 부산진구 새싹로 244(초읍동),129.0485074,35.17788177,매우우수,HG220009246,부산광역시 부산진구,2022-10-26
1258,지에스25 동래래미안아이파크점,"부산광역시 동래구 금정마을로 150(115동 101,102,103,104호 온천동, 동래 래미안 아이파크)",129.0674542,35.21208593,매우우수,HG220006866,부산광역시 동래구,2022-08-18
1259,명랑핫도그 미남역점,부산광역시 동래구 충렬대로75번길 10(1층 102호 온천동),129.0694547,35.20885932,매우우수,HG230007872,부산광역시 동래구,2023-10-20
1263,베러먼데이 사직온천점,부산광역시 동래구 여고로113번길 75(1층 사직동),129.0738746,35.20172625,매우우수,HG230002685,부산광역시 동래구,2023-05-09
1266,카페게더 롯데동래점,"부산광역시 동래구 중앙대로 1393(온천동, 롯데백화점 동래점 8층)",129.0774768,35.21170859,좋음,HG220001660,부산광역시 동래구,2022-03-17
1267,롯데동래점 철판미학,"부산광역시 동래구 중앙대로 1393(온천동,롯데백화정동래점 지하1층)",129.0774768,35.21170859,매우우수,HG220001623,부산광역시 동래구,2022-03-17
1268,롯데쇼핑(주)롯데마트동래점,"부산광역시 동래구 중앙대로 1393(온천동, 롯데마트내)",129.0774768,35.21170859,매우우수,HG200004921,부산광역시 동래구,2022-07-28
1269,롯데쇼핑(주)롯데마트동래점,"부산광역시 동래구 중앙대로 1393(온천동, 롯데마트내)",129.0774768,35.21170859,매우우수,HG200004927,부산광역시 동래구,2022-07-28
1270,롯데쇼핑(주)롯데마트동래점,"부산광역시 동래구 중앙대로 1393(온천동, 롯데마트내)",129.0774768,35.21170859,매우우수,HG200004911,부산광역시 동래구,2022-07-28
1275,모리커피 부산온천장점,"부산광역시 동래구 온천장로65번길 9(111호 온천동, 동래 3차 SK VIEW)",129.0798129,35.21642902,매우우수,HG220009530,부산광역시 동래구,2022-11-02
1280,스시,부산광역시 동래구 충렬대로 197(명륜동),129.081138,35.20454596,매우우수,HG200000966,부산광역시 동래구,2022-03-25
1281,삼진어묵 메가마트동래점,부산광역시 동래구 충렬대로 197(메가마트 1층 명륜동),129.081138,35.20454596,매우우수,HG230008992,부산광역시 동래구,2023-11-14
1294,베러먼데이 수안낙민점,"부산광역시 동래구 수안로8번길 38(204동 111호 수안동, 온천천 경동리인타워2차)",129.090116,35.19429775,매우우수,HG210004763,부산광역시 동래구,2023-06-03
1295,라일라카페,"부산광역시 동래구 온천천로339번길 28(107동 2층 209호 낙민동, 낙민동 한일유엔아이아파트 상가)",129.0928698,35.19576018,매우우수,HG220001505,부산광역시 동래구,2022-03-14
1299,베러먼데이 안락충렬사역점,부산광역시 동래구 안락로 12(1층 안락동),129.098461,35.20079332,매우우수,HG220010908,부산광역시 동래구,2022-12-09
1303,배스킨 라빈스,"부산광역시 동래구 명안로85번길 52(명장동,외1필지)",129.1017994,35.20485523,매우우수,HG200002043,부산광역시 동래구,2022-05-11
1308,뵈뵈커피,부산광역시 동래구 충렬대로433번길 52(1층 안락동),129.1061426,35.1987673,매우우수,HG210000905,부산광역시 동래구,2023-02-24
1310,정직유부사직점,부산광역시 동래구 사직북로 31(사직동),129.0598877,35.19864973,매우우수,HG210000324,부산광역시 동래구,2023-01-27
1312,GS25,"부산광역시 동래구 문화로 33(210동 1층 106,107호 명륜동, 동래센트럴파크하이츠2차)",129.0865292,35.21105971,매우우수,HG210009019,부산광역시 동래구,2023-09-16
1317,어벤더치커피새동래점(AVENDUTCH),"부산광역시 동래구 명륜로75번길 31(나동 1층 13.14호 수안동, 새동래아파트)",129.0827465,35.19997958,매우우수,HG230000265,부산광역시 동래구,2023-01-27
1318,카페Ri(카페리),부산광역시 동래구 동래로79번길 11(1층 명륜동),129.0814587,35.20885171,우수,HG220003437,부산광역시 동래구,2022-05-16
1321,감몽,부산광역시 동래구 충렬대로155번길 19(1층 101호 온천동),129.0771018,35.20577181,매우우수,HG210000884,부산광역시 동래구,2023-02-24
1325,하이오,부산광역시 동래구 중앙대로1473번길 24(온천장역삼정그린코아더시티 1층 112호 온천동),129.0825697,35.21807192,매우우수,HG220009127,부산광역시 동래구,2022-10-25
1326,강다짐사직점,부산광역시 동래구 사직북로 17(1층 사직동),129.0603976,35.19732924,매우우수,HG220003145,부산광역시 동래구,2022-05-04
1329,유림회관,부산광역시 동래구 중앙대로 1393(롯데백화점 지하1층 온천동),129.0774768,35.21170859,매우우수,HG220001640,부산광역시 동래구,2022-03-17
1331,찬합 롯데백화점동래점,부산광역시 동래구 중앙대로 1393(롯데백화점 지하1층 온천동),129.0774768,35.21170859,매우우수,HG220001666,부산광역시 동래구,2022-03-18
1332,창화당,부산광역시 동래구 중앙대로 1393(롯데백화점 지하1층 온천동),129.0774768,35.21170859,매우우수,HG220001671,부산광역시 동래구,2022-03-18
1334,마？는끼니,부산광역시 동래구 중앙대로 1393(롯데백화점 지하1층 온천동),129.0774768,35.21170859,매우우수,HG220001607,부산광역시 동래구,2022-03-17
1336,제일통상(라비타커피),부산광역시 동래구 중앙대로 1393(롯데백화점 지하1층 온천동),129.0774768,35.21170859,매우우수,HG220001673,부산광역시 동래구,2022-03-18
1346,명랑쌀핫도그(부산문현점),부산광역시 남구 문현로 75(문현동),129.0771885,35.14334987,매우우수,HG230006548,부산광역시 남구,2023-09-04
1351,문토스트 남구청점,부산광역시 남구 수영로 185-7(대연동윌리스병원 1층 일부호 대연동),129.086552,35.13531587,매우우수,HG220000714,부산광역시 남구,2022-02-09
1356,어벤커피 용당점,부산광역시 남구 유엔평화로126번길 4(1층 102호 용당동),129.0955619,35.12476947,매우우수,HG220009551,부산광역시 남구,2022-11-03
1368,지에스더프레시 경성부경대점,부산광역시 남구 수영로322번길 33(1층 일부호 대연동),129.1022481,35.13649898,매우우수,HG220010099,부산광역시 남구,2022-11-15
1373,(주)지에스리테일 GS더프레시 부산용호점,"부산광역시 남구 신선로 566(401동 1층 113호, 114호 일부호 용호동, GS하이츠자이)",129.1096685,35.13266335,매우우수,HG220007224,부산광역시 남구,2022-08-30
1374,롯데쇼핑(주) 롯데프리미엄 푸드마켓 용호점,"부산광역시 남구 분포로 145(지하1층 B114호 용호동, 더블유)",129.1112149,35.1342266,매우우수,HG220010387,부산광역시 남구,2022-11-24
1379,달토끼의 떡볶이 흡입구역,부산광역시 남구 분포로 61(빌리브센트로 B동 1층 B120호 용호동),129.1118992,35.13129079,매우우수,HG230004734,부산광역시 남구,2023-07-11
1384,커피볶는시골커피 BIFC점,부산광역시 남구 문현금융로 40(부산국제금융센터 1층 A102호 문현동),129.0658605,35.14648787,매우우수,HG230004538,부산광역시 남구,2023-07-06
1385,문토스트 용호점,부산광역시 남구 용호로90번길 14(1일부층 용호동),129.1117064,35.12437889,매우우수,HG220000220,부산광역시 남구,2022-01-18
1386,아몽즈,부산광역시 북구 사상로 587(1층 구포동),128.9904614,35.19666936,매우우수,HG220002256,부산광역시 북구,2022-04-08
1390,베러먼데이 구포역점,"부산광역시 북구 구포만세길 82(2층 구포동, 구포역내)",128.9971469,35.2054751,매우우수,HG210007271,부산광역시 북구,2023-07-30
1413,달토끼의떡볶이흡입구역 화명점,부산광역시 북구 금곡대로303번길 70(샤롯데플러스 1층 101호 화명동),129.0099803,35.23606988,매우우수,HG220000047,부산광역시 북구,2022-01-12
1416,롯데쇼핑(주)롯데슈퍼화명점,"부산광역시 북구 금곡대로 166(본상가동 지하1층 109호 화명동, 롯데카이저)",129.0122107,35.22636131,매우우수,HG220010246,부산광역시 북구,2022-11-18
1418,셀리쿠키,부산광역시 북구 화명신도시로 129(골든프라자 111호 화명동),129.0106556,35.23559551,매우우수,HG230007250,부산광역시 북구,2023-09-26
1422,라나맘화명점,"부산광역시 북구 화명신도시로 70(상가1동 104호 화명동, 코오롱하늘채1차아파트)",129.0115296,35.23078381,매우우수,HG220008183,부산광역시 북구,2022-09-29
1424,(주)롯데쇼핑롯데마트화명점,부산광역시 북구 화명대로 47(화명동),129.0130124,35.23517016,매우우수,HG200005365,부산광역시 북구,2022-08-11
1429,주)지에스리테일화명점,부산광역시 북구 대천천길 15(1층 화명동),129.0148933,35.2406348,우수,HG210009544,부산광역시 북구,2023-10-12
1430,에그존 샌드베이 수정역점,"부산광역시 북구 금곡대로 166(903동 104-10호 화명동, 롯데캐슬카이저)",129.0122107,35.22636131,매우우수,HG220008174,부산광역시 북구,2022-09-29
1433,자활홍보관 카페올리,부산광역시 북구 만덕3로 13(만덕동),129.0256482,35.21262808,매우우수,HG210011201,부산광역시 북구,2021-12-01
1436,커피에 반하다,부산광역시 북구 금곡대로303번길 70(샤롯데플러스 1층 106호 화명동),129.0099803,35.23606988,우수,HG220000498,부산광역시 북구,2022-01-28
1439,카페마타마타,"부산광역시 북구 금곡대로470번길 29(101호 금곡동, 신화명리버뷰자이)",129.0122029,35.25134779,우수,HG220004655,부산광역시 북구,2022-06-22
1445,케이앤엘블루,부산광역시 북구 만덕대로 38(한사랑내과병원 1층 덕천동),129.0091501,35.21075682,매우우수,HG210011473,부산광역시 북구,2021-12-13
1446,샐러드와,부산광역시 북구 만덕3로 13(1층 만덕동),129.0256482,35.21262808,매우우수,HG210011214,부산광역시 북구,2021-12-01
1449,문화살롱,"부산광역시 북구 학사로17번길 19(중도빌딩 3층 302,303호 화명동)",129.0073197,35.22349068,매우우수,HG220001032,부산광역시 북구,2022-02-22
1453,어스름달,부산광역시 북구 모분재로 107(1층 구포동),129.0085587,35.19847579,매우우수,HG220000228,부산광역시 사상구,2022-01-18
1458,햇살머믄꼬마김밥,부산광역시 해운대구 해운대로76번길 48(1층 일부호 재송동),129.1177282,35.18998949,매우우수,HG230008555,부산광역시 해운대구,2023-11-09
1464,베러먼데이 반여점,부산광역시 해운대구 반여로41번길 6(1층 반여동),129.1209306,35.19609826,매우우수,HG220002289,부산광역시 해운대구,2022-04-11
1471,강다짐 센텀,부산광역시 해운대구 센텀동로 102(센텀필1 113호 재송동),129.1264918,35.17658575,매우우수,HG220003439,부산광역시 해운대구,2022-05-16
1474,백미당 신세계몰센텀시티점,부산광역시 해운대구 센텀4로 15(센텀시티 몰 4층 일부호 우동),129.128287,35.16986272,매우우수,HG210000631,부산광역시 해운대구,2023-02-10
1475,폴 바셋 신세계 센텀시티몰점,"부산광역시 해운대구 센텀4로 15(지하2층 우동, 센텀시티몰)",129.128287,35.16986272,매우우수,HG220009852,부산광역시 해운대구,2022-11-09
1478,도제 센텀시티점,부산광역시 해운대구 센텀남대로 35(신세계백화점센텀시티점 지하1층 일부호 우동),129.1290849,35.16881869,매우우수,HG230005353,부산광역시 해운대구,2023-08-01
1479,돈카츠 렌,"부산광역시 해운대구 센텀남대로 35(우동, 신세계백화점 지하1층)",129.1290849,35.16881869,우수,HG230002502,부산광역시 해운대구,2023-05-02
1480,아리랑수제고로케,"부산광역시 해운대구 센텀남대로 35(우동, 신세계백화점지하1층일부)",129.1290849,35.16881869,매우우수,HG210003550,부산광역시 해운대구,2023-04-30
1481,오설록신세계센텀시티점,"부산광역시 해운대구 센텀남대로 35(우동, 신세계백화점지하1층일부)",129.1290849,35.16881869,매우우수,HG210002124,부산광역시 해운대구,2023-03-30
1482,다미분식,"부산광역시 해운대구 센텀남대로 35(우동, 신세계백화점 지하1층)",129.1290849,35.16881869,매우우수,HG230005347,부산광역시 해운대구,2023-08-01
1483,베이크(BAKE),"부산광역시 해운대구 센텀남대로 35(우동, 신세계백화점 센텀시티점 지하1층 일부)",129.1290849,35.16881869,매우우수,HG210004218,부산광역시 해운대구,2023-05-18
1484,떡공방브라더,부산광역시 해운대구 센텀남대로 35(신세계백화점센텀시티점 지하1층 일부호 우동),129.1290849,35.16881869,매우우수,HG210003275,부산광역시 해운대구,2023-04-23
1486,함경면옥,"부산광역시 해운대구 센텀남대로 35(우동,  신세계백화점 지하1층)",129.1290849,35.16881869,매우우수,HG230002560,부산광역시 해운대구,2023-05-03
1487,스테프핫도그,"부산광역시 해운대구 센텀남대로 35(우동, 신세계백화점 4층)",129.1290849,35.16881869,매우우수,HG210009408,부산광역시 해운대구,2023-10-06
1488,미쓰꾸냥,"부산광역시 해운대구 센텀남대로 35(4층 우동, 신세계 백화점)",129.1290849,35.16881869,매우우수,HG220000673,부산광역시 해운대구,2022-02-07
1490,샤브진,"부산광역시 해운대구 센텀남대로 35(우동, 신세계백화점지하1층일부)",129.1290849,35.16881869,매우우수,HG230002547,부산광역시 해운대구,2023-05-03
1491,가족회관 신세계센텀시티점,"부산광역시 해운대구 센텀남대로 35(우동, 신세계백화점 지하1층)",129.1290849,35.16881869,매우우수,HG220002052,부산광역시 해운대구,2022-03-31
1492,비스포킷 신세계센텀시티점,부산광역시 해운대구 센텀남대로 35(신세계백화점센텀시티점 지하1층 일부호 우동),129.1290849,35.16881869,매우우수,HG210008007,부산광역시 해운대구,2023-08-20
1495,구운몽,"부산광역시 해운대구 센텀남대로 35(우동, 신세계백화점 지하1층)",129.1290849,35.16881869,매우우수,HG210003066,부산광역시 해운대구,2023-04-20
1496,백미당 신세계 부산센텀점,"부산광역시 해운대구 센텀남대로 35(우동, 지하1층)",129.1290849,35.16881869,매우우수,HG210002006,부산광역시 해운대구,2023-03-25
1497,제이엠커피,"부산광역시 해운대구 센텀남대로 35(지하1층 일부호 우동, 신세계백화점)",129.1290849,35.16881869,매우우수,HG210000084,부산광역시 해운대구,2023-01-18
1498,하라커피(harrahcoffee),"부산광역시 해운대구 센텀남대로 35(B1층 우동, 신세계백화점)",129.1290849,35.16881869,매우우수,HG220005154,부산광역시 해운대구,2022-07-04
1500,잣품은 그집호두과자,부산광역시 해운대구 센텀남대로 59(롯데백화점센텀시티점 지하1층 일부호 우동),129.1310752,35.16985471,매우우수,HG220006394,부산광역시 해운대구,2022-08-09
1501,찬합 롯데백화점센텀시티점,부산광역시 해운대구 센텀남대로 59(롯데백화점센텀시티점 지하1층 일부호 우동),129.1310752,35.16985471,매우우수,HG230008150,부산광역시 해운대구,2023-10-30
1502,미채담 샤브정 롯데백화점 센텀시티점,부산광역시 해운대구 센텀남대로 59(롯데백화점센텀시티점 지하 1층 일부호 우동),129.1310752,35.16985471,매우우수,HG230006756,부산광역시 해운대구,2023-09-12
1503,카르파쵸후레쉬푸드앤드팝(주),"부산광역시 해운대구 센텀남대로 59(우동, 롯데백화점센텀시티점 지하1층)",129.1310752,35.16985471,좋음,HG210011335,부산광역시 해운대구,2021-12-06
1504,앤티앤스 롯데백화점 센텀시티점,"부산광역시 해운대구 센텀남대로 59(우동, 롯데백화점 센텀시티점 지하 1층)",129.1310752,35.16985471,매우우수,HG220008655,부산광역시 해운대구,2022-10-11
1505,항아리 수제면가(셰프코리아),"부산광역시 해운대구 센텀남대로 59(우동, 롯데백화점 지하1층 일부)",129.1310752,35.16985471,매우우수,HG220008654,부산광역시 해운대구,2022-10-11
1506,롯데웰푸드(주) 파스퇴르밀크바(센텀점),"부산광역시 해운대구 센텀남대로 59(우동, 롯데백화점 지하1층)",129.1310752,35.16985471,매우우수,HG230006757,부산광역시 해운대구,2023-09-12
1507,KKD 롯데센텀시티점,부산광역시 해운대구 센텀남대로 59(롯데백화점센텀시티점 지하1층 일부호 우동),129.1310752,35.16985471,매우우수,HG220002459,부산광역시 해운대구,2022-04-12
1525,커피 스트리트 17,부산광역시 해운대구 아랫반송로26번길 17(1층 반송동),129.1482062,35.22485768,매우우수,HG220009206,부산광역시 해운대구,2022-10-25
1533,오설록 티하우스 해운대점,부산광역시 해운대구 구남로 36-1(시끌벅적한 까닭 우동),129.160828,35.16089259,매우우수,HG230008387,부산광역시 해운대구,2023-11-02
1550,지비디(gbd),"부산광역시 해운대구 좌동로14번길 54(중동, 1층,2층일부)",129.1716091,35.1687118,매우우수,HG210008050,부산광역시 해운대구,2023-08-20
1553,그릭오 해운대점,부산광역시 해운대구 양운로 53(투모로우 오피스텔 1층 102호 좌동),129.1764163,35.16789898,매우우수,HG220003729,부산광역시 해운대구,2022-05-24
1563,또이또이베트남신세계센텀시티점,부산광역시 해운대구 센텀남대로 35(신세계백화점센텀시티점 지하1층 일부호 우동),129.1290849,35.16881869,매우우수,HG210000083,부산광역시 해운대구,2023-01-18
1570,호식이 두마리치킨 해운대중동점,"부산광역시 해운대구 좌동순환로 402(110동 106호 중동, 래미안해운대)",129.1766125,35.1639941,매우우수,HG230001133,부산광역시 해운대구,2023-03-16
1572,그린파이브 센텀시티점,부산광역시 해운대구 센텀남대로 35(신세계백화점센텀시티점 지하1층 일부호 우동),129.1290849,35.16881869,매우우수,HG210007443,부산광역시 해운대구,2023-08-05
1574,카페본나,부산광역시 해운대구 센텀남대로 59(롯데백화점센텀시티점 지하1층 우동),129.1310752,35.16985471,매우우수,HG210011346,부산광역시 해운대구,2021-12-06
1580,와커피(WA'COFFEE),부산광역시 해운대구 해운대로 789(파밀리에펄시티 1층 102호 좌동),129.174912,35.16939186,매우우수,HG220001564,부산광역시 해운대구,2022-03-16
1582,노부스테라,"부산광역시 해운대구 수영강변대로 464(1,2층 반여동)",129.1167399,35.19959833,매우우수,HG220008592,부산광역시 해운대구,2022-10-07
1583,에브리띵,부산광역시 해운대구 센텀남대로 35(신세계백화점센텀시티점 지하1층 일부호 우동),129.1290849,35.16881869,매우우수,HG220003588,부산광역시 해운대구,2022-05-19
1584,앤티앤스프레즐 센텀시티2호점,부산광역시 해운대구 센텀남대로 35(신세계백화점센텀시티점 지하1층 우동),129.1290849,35.16881869,매우우수,HG220002436,부산광역시 해운대구,2022-04-12
1590,카페마타마타 하단가락타운점,부산광역시 사하구 하신번영로 256(강변빌딩 109호 하단동),128.9586891,35.10385553,매우우수,HG230008914,부산광역시 사하구,2023-11-13
1592,자미당 하단점,부산광역시 사하구 낙동대로 430(1층 당리동),128.9715303,35.10451033,매우우수,HG220008536,부산광역시 사하구,2022-10-06
1594,이리온 커피,부산광역시 사하구 낙동대로 553-2(1층 하단동),128.963482,35.11312002,매우우수,HG230008168,부산광역시 사하구,2023-10-31
1599,에이치(H),"부산광역시 사하구 낙동대로 542(지하1층 114호 하단동, 대우에덴프라자)",128.9647357,35.11246102,매우우수,HG230008675,부산광역시 사하구,2023-11-10
1606,니뽕내뽕아트몰링점,부산광역시 사하구 낙동남로 1413(15층 하단동),128.966874,35.10681916,매우우수,HG220010377,부산광역시 사하구,2022-11-24
1608,어묵먹은호랑이,부산광역시 사하구 낙동남로 1413(지하1층 하단동),128.966874,35.10681916,좋음,HG220010337,부산광역시 사하구,2022-11-24
1619,롯데마트 사하점,부산광역시 사하구 을숙도대로 610(1층 장림동),128.9723158,35.08478117,매우우수,HG210009784,부산광역시 사하구,2023-10-19
1625,어오케이커피 장림역점(A.OK COFFEE),부산광역시 사하구 다대로 232(1층 장림동),128.977126,35.08169567,매우우수,HG230000955,부산광역시 사하구,2023-03-09
1627,이베드과자,부산광역시 사하구 다대로 393-1(1층 다대동),128.979297,35.06793159,매우우수,HG230007567,부산광역시 사하구,2023-10-11
1628,북촌손만두 부산낫개역점,부산광역시 사하구 다대로 423(다대동),128.9798783,35.06520462,매우우수,HG230000539,부산광역시 사하구,2023-02-15
1631,투썸다송로점,"부산광역시 사하구 다송로84번길 38(1,2,3층 다대동)",128.9823053,35.06005591,매우우수,HG210009530,부산광역시 사하구,2023-10-12
1641,커피열매 부네치아선셋전망대점,부산광역시 사하구 장림로93번길 74(2층 장림동),128.9516028,35.07930287,매우우수,HG230007827,부산광역시 사하구,2023-10-20
1642,GS25당리행운점,부산광역시 사하구 낙동대로450번길 2(1층 당리동),128.9698518,35.10540717,매우우수,HG210009306,부산광역시 사하구,2023-10-01
1644,네오피자,부산광역시 사하구 승학로 176(2층 괴정동),128.9844825,35.10070091,좋음,HG230002658,부산광역시 사하구,2023-05-08
1649,휴카페,"부산광역시 사하구 하신중앙로 185(사하구 제2청사, 신평2동행정복지센터 1층 신평동)",128.9615461,35.09496298,매우우수,HG220002083,부산광역시 사하구,2022-04-04
1650,휴카페,부산광역시 사하구 승학로 247(부산광역시립사하도서관 B동 1층 괴정동),128.9910734,35.10333332,매우우수,HG220002113,부산광역시 사하구,2022-04-04
1659,모조(mojo),부산광역시 사하구 다대로130번길 75(1층 신평동),128.9763302,35.09219452,매우우수,HG220003430,부산광역시 사하구,2022-05-16
1664,어벤더치부산대북문점,부산광역시 금정구 수림로85번길 54(장전동),129.0828719,35.23748495,매우우수,HG230000354,부산광역시 금정구,2023-02-03
1666,커피맘스,부산광역시 금정구 금샘로 403(1층 구서동),129.0838732,35.25903693,매우우수,HG210001687,부산광역시 금정구,2023-03-16
1671,GS25 외대정문점,부산광역시 금정구 금샘로 476-1(1층 남산동),129.0855192,35.26543994,우수,HG220008755,부산광역시 금정구,2022-10-13
1673,쿠스케,부산광역시 금정구 부산대학로49번길 33-3(101호 장전동),129.0857578,35.22980635,우수,HG220004824,부산광역시 금정구,2022-06-24
1677,지에스(GS)25장전래미안2호점,"부산광역시 금정구 금정로 20(207동 101-1,101-2호 장전동, 래미안장전)",129.0867388,35.22758916,매우우수,HG210008680,부산광역시 금정구,2023-09-07
1679,카페16온스 가맹본사,부산광역시 금정구 부산대학로 29(네오스퀘어 209호 장전동),129.0881327,35.23078553,좋음,HG220004764,부산광역시 금정구,2022-06-23
1680,쌀구움,부산광역시 금정구 장전로12번길 30(동엽빌딩 1층 101호 장전동),129.0880871,35.22901924,매우우수,HG220007765,부산광역시 금정구,2022-09-15
1682,아몽즈 커피 구서점,부산광역시 금정구 금강로 418(1층 구서동),129.0885834,35.24476185,매우우수,HG230005582,부산광역시 금정구,2023-08-07
1687,어벤더치 남산점,"부산광역시 금정구 금강로 679(1층 남산동, 태인빌라)",129.0886871,35.26810655,매우우수,HG220010122,부산광역시 금정구,2022-11-16
1688,마카러버(macalover),"부산광역시 금정구 부곡온천천로 170(401동 102호 부곡동, 장전 서희스타힐스)",129.0891902,35.24084441,매우우수,HG230008494,부산광역시 금정구,2023-11-09
1691,달콤왕가탕후루 부산구서점,부산광역시 금정구 중앙대로1841번길 27(1층 구서동),129.0903618,35.24874794,매우우수,HG220005097,부산광역시 금정구,2022-07-01
1695,누룽지샵,부산광역시 금정구 청룡예전로 26(1층 청룡동),129.0905963,35.27523723,매우우수,HG220002806,부산광역시 금정구,2022-04-25
1698,빙수당 부산대점,"부산광역시 금정구 부산대학로 10(상가1동 B-11호 부곡동, 대우아파트)",129.0899759,35.23306744,매우우수,HG220008110,부산광역시 금정구,2022-09-27
1704,카페 구청,부산광역시 금정구 중앙대로 1777(부곡동),129.0924585,35.2420498,매우우수,HG220000387,부산광역시 금정구,2022-01-24
1706,커피베이 금정점,"부산광역시 금정구 중앙대로 1799(1층 101-8호 구서동, 유림노르웨이아침)",129.0926503,35.24487839,매우우수,HG220008016,부산광역시 금정구,2022-09-22
1709,그랩,부산광역시 금정구 무학송로 132(1층 부곡동),129.0940516,35.24286466,매우우수,HG220004948,부산광역시 금정구,2022-06-28
1711,금정북카페,"부산광역시 금정구 금정도서관로 33(1층 청룡동, 금정도서관)",129.0961776,35.27260879,매우우수,HG220000372,부산광역시 금정구,2022-01-24
1718,탱쓰커피하우스(Tang's COFFEE HOUSE),"부산광역시 금정구 금강로 225(1층 202-1호 장전동, 벽산블루밍디자인시티)",129.0819081,35.23027353,우수,HG220010639,부산광역시 금정구,2022-11-30
1723,장전생활문화센터 북카페,부산광역시 금정구 금강로335번길 27(1층 장전동),129.0849294,35.23770988,매우우수,HG220002826,부산광역시 금정구,2022-04-25
1725,지에스25 구서sk뷰점,부산광역시 금정구 금강로403번길 18(1층 구서동),129.0867538,35.24433664,매우우수,HG220009130,부산광역시 금정구,2022-10-25
1729,뷰커피(View coffee),"부산광역시 금정구 중앙대로1873번길 17(1,2층 구서동)",129.0902469,35.25165141,우수,HG220009026,부산광역시 금정구,2022-10-20
1730,금샘도서관  Cafe금샘,부산광역시 금정구 기찰로 94(금샘도서관 1층 부곡동),129.0941318,35.23902406,매우우수,HG220002820,부산광역시 금정구,2022-04-25
1732,봉's 김밥,"부산광역시 금정구 부곡온천천로 190(상가동 109호 부곡동, 퀸즈더블유장전역)",129.0905724,35.24232823,매우우수,HG230004810,부산광역시 금정구,2023-07-17
1733,디저트파머(dessert farmer),부산광역시 금정구 금정로19번길 3(1층 장전동),129.0855024,35.22631129,매우우수,HG220006217,부산광역시 금정구,2022-08-01
1751,부엉이돈가스 스타필드시티명지점,부산광역시 강서구 명지국제6로 168(스타필드 시티 명지점 3층 3301호 명지동),128.9181487,35.09310945,매우우수,HG200006634,부산광역시 강서구,2022-09-11
1761,한스푼 김해공항 A/S점,부산광역시 강서구 공항진입로 108(2층 김해공항 국내선 격리대합실 대저2동),128.9469636,35.17292343,매우우수,HG220009605,부산광역시 강서구,2022-11-03
1765,수복돼지국밥,부산광역시 강서구 남해2지선고속도로 19(1층 일부 대저2동),128.9488018,35.15729674,매우우수,HG220010183,부산광역시 강서구,2022-11-17
1766,"우동,라면",부산광역시 강서구 남해2지선고속도로 19(1층 일부호 대저2동),128.9488018,35.15729674,매우우수,HG220010121,부산광역시 강서구,2022-11-16
1767,"한식,양식",부산광역시 강서구 남해2지선고속도로 19(1층 일부호 대저2동),128.9488018,35.15729674,매우우수,HG220010141,부산광역시 강서구,2022-11-16
1769,위드렌터카 김해공항점,"부산광역시 강서구 공항앞길85번길 25(1층 일부, 2층 대저2동)",128.9527299,35.17692543,매우우수,HG230004235,부산광역시 강서구,2023-06-27
1771,베러먼데이 서부산유통단지점,부산광역시 강서구 유통단지1로49번길 6(1층 107호 대저2동),128.95525,35.16713437,매우우수,HG230005131,부산광역시 강서구,2023-07-25
1786,시나본아시아드,부산광역시 연제구 종합운동장로 7(홈플러스아시아드점  지하2층 거제동),129.0620097,35.19126678,매우우수,HG200007903,부산광역시 연제구,2022-10-23
1791,카페_느티나무,부산광역시 연제구 해맞이로77번길 22(거제동),129.0675113,35.18123998,매우우수,HG230006609,부산광역시 연제구,2023-09-06
1795,그릭오 부산시청점,부산광역시 연제구 거제천로 82(107호 연산동),129.0733112,35.18146808,매우우수,HG230006506,부산광역시 연제구,2023-09-01
1802,하이오 커피 부산시청점,"부산광역시 연제구 시청로 12(1층 106호 연산동, 부산 더샵 시티애비뉴2차)",129.0762188,35.18132507,매우우수,HG220001888,부산광역시 연제구,2022-03-25
1803,하이오 부산교대점,부산광역시 연제구 교대로22번길 7(2층 거제동),129.0772129,35.19590065,매우우수,HG220008162,부산광역시 연제구,2022-09-29
1807,까페051 연제브라운스톤점,"부산광역시 연제구 연제로8번길 29(상가동 107호 연산동, 브라운스톤연제1단지)",129.0777134,35.17811183,매우우수,HG220004965,부산광역시 연제구,2022-06-30
1810,인더미들,부산광역시 연제구 연제로 1(1층 연산동),129.0786037,35.1757062,매우우수,HG220009200,부산광역시 연제구,2022-10-25
1826,요거트 아이스크림의 정석,부산광역시 연제구 중앙천로43번길 1(2층 201호 연산동),129.0822329,35.1786664,매우우수,HG220010732,부산광역시 연제구,2022-12-06
1827,cafe 냥갱,부산광역시 연제구 거제천로230번길 17(1층 연산동),129.0823211,35.19109573,매우우수,HG220005593,부산광역시 연제구,2022-07-13
1830,타코무코,"부산광역시 연제구 세병로 16(1층 107호 연산동, 한성기린아파트)",129.0843674,35.19057262,매우우수,HG230006464,부산광역시 연제구,2023-09-01
1832,안녕 마들렌,부산광역시 연제구 쌍미천로 35-2(1층 연산동),129.0899204,35.17638897,매우우수,HG230006469,부산광역시 연제구,2023-09-01
1833,토곡팡,부산광역시 연제구 과정로225번길 14(1층 연산동),129.1019768,35.18711439,매우우수,HG230006465,부산광역시 연제구,2023-09-01
1834,롯데쇼핑(주)롯데슈퍼연산점,부산광역시 연제구 과정로 115(연산동),129.1067588,35.18187875,매우우수,HG230001030,부산광역시 연제구,2023-03-14
1839,윤커피,부산광역시 연제구 연안로14번길 39(1층 일부호 연산동),129.1093729,35.18921911,매우우수,HG230007354,부산광역시 연제구,2023-09-27
1843,앤티앤스 프레즐,부산광역시 연제구 종합운동장로 7(홈플러스 아시아드점  지하2층 거제동),129.0620097,35.19126678,매우우수,HG220008395,부산광역시 연제구,2022-10-04
1845,하이드벗(hide but),부산광역시 연제구 중앙천로19번길 38-1(1층 연산동),129.0815624,35.17695074,매우우수,HG230006468,부산광역시 연제구,2023-09-01
1850,하삼동 커피 법원점,"부산광역시 연제구 법원북로 93(1층 105호 거제동, 거제센트럴자이)",129.0755216,35.19339183,매우우수,HG220002007,부산광역시 연제구,2022-03-30
1854,제주스,부산광역시 연제구 종합운동장로 7(홈플러스아시아드점   지하2층 거제동),129.0620097,35.19126678,매우우수,HG210010672,부산광역시 연제구,2023-11-15
1855,주식회사 짱죽 이유식 카페 연산점,부산광역시 연제구 좌수영로 241(지하3층 연산동),129.1119518,35.18509414,매우우수,HG220007761,부산광역시 연제구,2022-09-15
1857,문토스트 시청점,"부산광역시 연제구 연제로 30(201동 B105호 연산동, 시청역 비스타 동원)",129.0769601,35.1792633,매우우수,HG220009780,부산광역시 연제구,2022-11-09
1862,콤파운드,부산광역시 연제구 교대로24번길 20(1층 거제동),129.0769107,35.19629996,우수,HG220002018,부산광역시 연제구,2022-03-30
1870,051커피망미점,부산광역시 수영구 과정로 54(1층 망미동),129.1076805,35.17618258,매우우수,HG230002832,부산광역시 수영구,2023-05-16
1875,광안자모병원,부산광역시 수영구 수영로 555(자모병원 1층 광안동),129.1119194,35.15533969,매우우수,HG220000078,부산광역시 수영구,2022-01-13
1877,부산수영지역자활센터 카페수,"부산광역시 수영구 남천동로 100(1층 남천동, 수영구청내)",129.1123652,35.14536623,매우우수,HG220000722,부산광역시 수영구,2022-02-09
1879,송정동핫도그 수영로점,부산광역시 수영구 수영로 628(1층 광안동),129.1142878,35.16160057,매우우수,HG220002632,부산광역시 수영구,2022-04-19
1892,부산수영지역자활센터 카페수3호점,부산광역시 수영구 수영로521번길 77(1층 광안동),129.1074637,35.15293779,매우우수,HG220000725,부산광역시 수영구,2022-02-09
1901,롯데쇼핑(주)롯데마트사상,부산광역시 사상구 낙동대로 733(엄궁동),128.9683596,35.12759375,매우우수,HG210001052,부산광역시 사상구,2023-02-26
1902,롯데쇼핑(주)롯데마트사상,부산광역시 사상구 낙동대로 733(엄궁동),128.9683596,35.12759375,매우우수,HG210001057,부산광역시 사상구,2023-02-26
1903,롯데쇼핑(주)롯데마트사상,부산광역시 사상구 낙동대로 733(엄궁동),128.9683596,35.12759375,매우우수,HG210001058,부산광역시 사상구,2023-02-26
1905,연스,부산광역시 사상구 낙동대로 733(롯데마트 사상점 1층 엄궁동),128.9683596,35.12759375,매우우수,HG220008042,부산광역시 사상구,2022-09-27
1910,롯데쇼핑(주)롯데슈퍼 부산학장점,부산광역시 사상구 대동로 94(121호 학장동),128.9783143,35.13793392,매우우수,HG220008900,부산광역시 사상구,2022-10-18
1920,본초맘죽 애플아울렛점,"부산광역시 사상구 사상로 201(2층 4호 괘법동, 애플 아울렛)",128.9809875,35.1631425,매우우수,HG220000768,부산광역시 사상구,2022-02-11
1921,뚱띠 파스타,"부산광역시 사상구 사상로 201(2층 9호 괘법동, 애플아울렛)",128.9809875,35.1631425,매우우수,HG220009518,부산광역시 사상구,2022-11-02
1926,051카페,부산광역시 사상구 광장로56번길 5(1층 괘법동),128.9827041,35.16167732,매우우수,HG220009552,부산광역시 사상구,2022-11-03
1927,엔젤리너스르네상스점,부산광역시 사상구 광장로 60(괘법동),128.9829903,35.1617471,우수,HG220005633,부산광역시 사상구,2022-07-14
1936,어오케이커피 모라벤처타워점,부산광역시 사상구 모라로 22(부산벤처타워 1층 111호 모라동),128.9847254,35.19090221,매우우수,HG220000360,부산광역시 사상구,2022-01-21
1938,도미노 피자모라점,부산광역시 사상구 사상로 520(모라동),128.9894528,35.19047602,매우우수,HG210001600,부산광역시 사상구,2023-03-15
1953,정직유부 사상점,부산광역시 사상구 삼덕로46번길 115(덕포동),128.9806181,35.16894149,매우우수,HG220003837,부산광역시 사상구,2022-05-26
1955,쉽커피,부산광역시 사상구 사상로 182(1층 괘법동),128.9855241,35.16160029,매우우수,HG210011422,부산광역시 사상구,2021-12-09
1956,잣 품은 그집 호두과자,부산광역시 사상구 사상로 201(1층 괘법동),128.9809875,35.1631425,매우우수,HG230000091,부산광역시 사상구,2023-01-16
1957,삼진어묵당부산서부시외버스터미널점,부산광역시 사상구 사상로 201(1층 괘법동),128.9809875,35.1631425,매우우수,HG220008247,부산광역시 사상구,2022-09-29
1962,떡공방형제,부산광역시 사상구 사상로 201(1층 괘법동),128.9809875,35.1631425,매우우수,HG220008127,부산광역시 사상구,2022-09-27
1963,오떡행,부산광역시 사상구 가야대로366번길 3-8(1층 주례동),129.0129852,35.15083612,매우우수,HG220000738,부산광역시 사상구,2022-02-10
1966,무한도전흑미호떡,부산광역시 기장군 정관읍 정관2로 9(214동 B208호 이지 더원 2차 아파트),129.162807,35.33328752,매우우수,HG230006489,부산광역시 기장군,2023-09-01
1980,띤띤 익스프레스 동부산점,부산광역시 기장군 기장읍 기장해안로 147(롯데몰 동부산점 3층),129.2127825,35.19221051,매우우수,HG220008277,부산광역시 기장군,2022-09-29
1981,구이구이잠실(주),부산광역시 기장군 기장읍 기장해안로 147(롯데동부산프리미엄 구이구이코너 3층),129.2127825,35.19221051,매우우수,HG220008273,부산광역시 기장군,2022-09-29
1982,잣품은그집호두과자,부산광역시 기장군 기장읍 기장해안로 147(롯데몰 동부산점 1층 E102호),129.2127825,35.19221051,매우우수,HG230001583,부산광역시 기장군,2023-03-30
1983,오규당 롯데몰 동부산점,부산광역시 기장군 기장읍 기장해안로 147(롯데몰 동부산점 3층),129.2127825,35.19221051,매우우수,HG220008070,부산광역시 기장군,2022-09-27
1985,일리(illy),부산광역시 기장군 기장읍 기장해안로 147(롯데몰 동부산점 2층),129.2127825,35.19221051,매우우수,HG220006468,부산광역시 기장군,2022-08-09
1986,앤티앤스 동부산점,부산광역시 기장군 기장읍 기장해안로 147(롯데몰 동부산점 1층 D115호),129.2127825,35.19221051,매우우수,HG230007436,부산광역시 기장군,2023-10-04
1987,롯데쇼핑(주) 롯데마트동부산점(밥류),부산광역시 기장군 기장읍 기장해안로 147(2층 롯데몰동부산점 롯데마트),129.2127825,35.19221051,매우우수,HG200006904,부산광역시 기장군,2022-09-21
1988,더명인CNF(로브커피),부산광역시 기장군 기장읍 기장해안로 147(롯데몰 동부산점 D115호),129.2127825,35.19221051,매우우수,HG220006401,부산광역시 기장군,2022-08-09
1989,롯데쇼핑(주)롯데마트동부산점,부산광역시 기장군 기장읍 기장해안로 147(2층 롯데몰동부산점),129.2127825,35.19221051,매우우수,HG200006892,부산광역시 기장군,2022-09-21
1990,엔젤리너스 롯데아울렛동부산1층점,부산광역시 기장군 기장읍 기장해안로 147(1층 C130호 롯데몰동부산점),129.2127825,35.19221051,매우우수,HG220005310,부산광역시 기장군,2022-07-06
2008,커피전문점,부산광역시 기장군 장안읍 동해고속도로 25,129.2464003,35.37752079,매우우수,HG200001998,부산광역시 기장군,2022-05-11
2009,(주)에이치앤디이 장안울산휴게소 식당가,부산광역시 기장군 장안읍 동해고속도로 26,129.2483977,35.38287214,매우우수,HG230000053,부산광역시 기장군,2023-01-12
2010,장안울산휴게소 호두과자,부산광역시 기장군 장안읍 동해고속도로 26(장안휴게소상행 1층),129.2483977,35.38287214,매우우수,HG230000069,부산광역시 기장군,2023-01-13
2011,(주)에이치앤디이 장안울산휴게소 커피전문점,부산광역시 기장군 장안읍 동해고속도로 26,129.2483977,35.38287214,매우우수,HG200004932,부산광역시 기장군,2022-07-28
2012,장안울산휴게소 열린매장,부산광역시 기장군 장안읍 동해고속도로 26(장안휴게소상행),129.2483977,35.38287214,매우우수,HG230000044,부산광역시 기장군,2023-01-12
2020,쏘핫(SOHOT),부산광역시 기장군 장안읍 정관로 1133(부산프리미엄아울렛 3층 9008호),129.2349503,35.32381009,매우우수,HG220000636,부산광역시 기장군,2022-02-04
2021,지에스25(GS25) 정관동일3차점,부산광역시 기장군 정관읍 모전1길 9(103동 101호 102호 정관동일스위트3차),129.1645374,35.337363,매우우수,HG220009747,부산광역시 기장군,2022-11-09
2027,카페요호호,부산광역시 기장군 기장읍 동부산관광로 42(56 W13동),129.2129711,35.19603043,매우우수,HG230000453,부산광역시 기장군,2023-02-10
2028,카페아호이,부산광역시 기장군 기장읍 동부산관광로 42(57 W14동),129.2129711,35.19603043,매우우수,HG230000452,부산광역시 기장군,2023-02-10
2031,크리스피크림 부산롯데광복점,부산광역시 중구 중앙대로 2(롯데백화점광복점 지하1층 중앙동7가),129.0367048,35.09830894,매우우수,HG230002919,부산광역시 중구,2023-05-16
2032,(주)화이트리에 광복점,부산광역시 중구 중앙대로 2(롯데백화점광복점 중앙동7가),129.0367048,35.09830894,매우우수,HG230002863,부산광역시 중구,2023-05-16
2033,로카보어테이블 광복점,부산광역시 중구 중앙대로 2(롯데백화점광복점 지하1층 중앙동7가),129.0367048,35.09830894,매우우수,HG230006622,부산광역시 중구,2023-09-06
2035,카페 아슬란,부산광역시 중구 중앙대로 2(롯데백화점광복점 지상 4층 중앙동7가),129.0367048,35.09830894,매우우수,HG230000553,부산광역시 중구,2023-02-16
2036,(주)비엔씨제과 롯데광복점,부산광역시 중구 중앙대로 2(롯데백화점광복점 지하1층 중앙동7가),129.0367048,35.09830894,매우우수,HG190002603,부산광역시 중구,2021-12-20
2045,스토리오브라망 부산역점,부산광역시 동구 중앙대로 206(부산역사내 2층 초량동),129.0450567,35.11760826,매우우수,HG230008138,부산광역시 동구,2023-10-30
2046,(주)비엔씨제과부산역점,부산광역시 동구 중앙대로 206(초량동),129.0450567,35.11760826,매우우수,HG190001177,부산광역시 동구,2023-09-24
2048,다인명가 경주빵&찰보리빵,"부산광역시 동구 중앙대로 206(초량동,3층)",129.0450567,35.11760826,매우우수,HG230002834,부산광역시 동구,2023-05-16
2049,국제시장도나스,부산광역시 동구 중앙대로 206(3층 초량동),129.0450567,35.11760826,매우우수,HG230008140,부산광역시 동구,2023-10-30
2050,(주)비엔씨제과,"부산광역시 동구 중앙대로 206(초량동,1층)",129.0450567,35.11760826,매우우수,HG220009238,부산광역시 동구,2022-10-26
2051,(주)비엔씨제과,부산광역시 동구 중앙대로 206(한국철도공사부산지역본부 2층 초량동),129.0450567,35.11760826,매우우수,HG230004600,부산광역시 동구,2023-07-10
2054,부산국제시장 단팥빵,부산광역시 동구 중앙대로 206(한국철도공사부산지역본부 3층 초량동),129.0450567,35.11760826,매우우수,HG230008139,부산광역시 동구,2023-10-30
2055,주식회사 태성당,부산광역시 동구 중앙대로296번길 3-5(1층 초량동),129.0446464,35.12327259,매우우수,HG230008492,부산광역시 동구,2023-11-09
2056,비엔씨 박스앤컵,부산광역시 동구 중앙대로 206(한국철도공사부산지역본부 1층 초량동),129.0450567,35.11760826,매우우수,HG230002827,부산광역시 동구,2023-05-16
2066,그래인스쿠키,"부산광역시 부산진구 가야대로 772(부전동,롯데백화점지하1층)",129.0564133,35.15679253,매우우수,HG200008983,부산광역시 부산진구,2022-11-26
2067,(주)겐츠베이커리롯데백화점서면점,"부산광역시 부산진구 가야대로 772(지하1층 부전동, 롯데백화점)",129.0564133,35.15679253,매우우수,HG200000668,부산광역시 부산진구,2022-02-27
2068,(주)남포당,부산광역시 부산진구 가야대로 772(지하1층 부전동),129.0564133,35.15679253,매우우수,HG220007343,부산광역시 부산진구,2022-09-01
2069,옵스,"부산광역시 부산진구 가야대로 772(지하1층 부전동, 롯데백화점)",129.0564133,35.15679253,매우우수,HG200000676,부산광역시 부산진구,2022-02-27
2070,크리스피크림롯데백부산점,"부산광역시 부산진구 가야대로 772(지상9층 부전동, 롯데백화점부산본점)",129.0564133,35.15679253,매우우수,HG200000650,부산광역시 부산진구,2022-02-27
2071,움트,"부산광역시 부산진구 가야대로 772(지하1층 부전동, 롯데백화점부산본점)",129.0564133,35.15679253,매우우수,HG200009000,부산광역시 부산진구,2022-11-26
2076,화이트리에서면점,부산광역시 부산진구 가야대로 772(롯데백화점부산본점 지하1층 부전동),129.0564133,35.15679253,매우우수,HG230003920,부산광역시 부산진구,2023-06-19
2078,앤티앤스,"부산광역시 동래구 중앙대로 1393(8층 온천동, 롯데백화점내)",129.0774768,35.21170859,매우우수,HG210011358,부산광역시 동래구,2021-12-07
2079,(주)겐츠베이커리롯데백화점 동래점,부산광역시 동래구 중앙대로 1393(지하1층 온천동),129.0774768,35.21170859,매우우수,HG220000779,부산광역시 동래구,2022-02-11
2080,버터풀앤크리멀러스,부산광역시 동래구 중앙대로 1393(롯데백화점 1층 온천동),129.0774768,35.21170859,매우우수,HG220008368,부산광역시 동래구,2022-09-30
2081,로카보어테이블,부산광역시 동래구 중앙대로 1393(롯데백화점 1층 온천동),129.0774768,35.21170859,매우우수,HG220008325,부산광역시 동래구,2022-09-30
2083,바스키아(메가마트),부산광역시 동래구 충렬대로 197(명륜동),129.081138,35.20454596,매우우수,HG230006057,부산광역시 동래구,2023-08-23
2096,메츠과자점,부산광역시 남구 수영로266번길 46(1~2층 대연동),129.0975807,35.13457636,매우우수,HG220006865,부산광역시 남구,2022-08-18
2098,(주)파리크라상 경성대점,부산광역시 남구 용소로 6(대연동),129.1000993,35.13664472,매우우수,HG210003931,부산광역시 남구,2023-05-11
2101,옵스 더블유스퀘어점,"부산광역시 남구 분포로 145(더블유스퀘어동 2층 2022호 용호동, 더블유)",129.1112149,35.1342266,매우우수,HG220010326,부산광역시 남구,2022-11-24
2102,아델라7,부산광역시 남구 황령대로319번나길 30(1일부층 대연동),129.0904814,35.15100982,매우우수,HG200008742,부산광역시 남구,2022-11-20
2103,수제빵연구소 부산지점,"부산광역시 남구 수영로 261(201동 B102호 대연동, 대연 SK VIEW Hills)",129.0954136,35.13580386,매우우수,HG220007813,부산광역시 남구,2022-09-16
2104,메츠과자점,부산광역시 남구 석포로 137(1층 일부호 대연동),129.0916419,35.12945608,매우우수,HG220006850,부산광역시 남구,2022-08-18
2109,브레드파파(BREAD PAPA),부산광역시 북구 화명대로 47(롯데마트 지하1층 화명동),129.0130124,35.23517016,우수,HG200009384,부산광역시 북구,2022-12-04
2110,베러케이크,부산광역시 북구 금곡대로 230(금용복합스포츠타운 2층 203호 화명동),129.0129216,35.22876206,매우우수,HG220008243,부산광역시 북구,2022-09-29
2111,브레드라운지,부산광역시 북구 기찰로 164(B동 1층 덕천동),129.0228997,35.2141657,매우우수,HG220009470,부산광역시 북구,2022-11-01
2113,몽블랑제 부산반여점,"부산광역시 해운대구 선수촌로21번길 37(반여동, 홈플러스반여점1층일부)",129.1156994,35.19658831,매우우수,HG230008771,부산광역시 해운대구,2023-11-13
2114,몽블랑제 반여점 행사매대,"부산광역시 해운대구 선수촌로21번길 37(반여동, 홈플러스반여점1층일부)",129.1156994,35.19658831,매우우수,HG230008772,부산광역시 해운대구,2023-11-13
2119,경주빵,"부산광역시 해운대구 센텀남대로 35(우동, 신세계백화점 지하1층)",129.1290849,35.16881869,매우우수,HG210004351,부산광역시 해운대구,2023-05-24
2120,더메나쥬리 센텀점,"부산광역시 해운대구 센텀남대로 35(우동, 신세계백화점 지하1층)",129.1290849,35.16881869,매우우수,HG220009827,부산광역시 해운대구,2022-11-09
2121,(주)이흥용 과자점,"부산광역시 해운대구 센텀남대로 35(우동, 신세계백화점 센텀시티점 지하1층)",129.1290849,35.16881869,매우우수,HG210004365,부산광역시 해운대구,2023-05-24
2122,상수동 카스티야,부산광역시 해운대구 센텀남대로 35(신세계백화점센텀시티점 지하1층 우동),129.1290849,35.16881869,매우우수,HG230005350,부산광역시 해운대구,2023-08-01
2123,파밀리아 제과점,"부산광역시 해운대구 센텀남대로 59(우동, 롯데백화점지하1층일부)",129.1310752,35.16985471,우수,HG230008148,부산광역시 해운대구,2023-10-30
2127,(주)비엔씨제과,"부산광역시 해운대구 좌동순환로433번길 29-1(중동, 지상1층, 지하1층)",129.1765008,35.16157949,우수,HG210011419,부산광역시 해운대구,2021-12-09
2129,(주)파리크라상 해운대장산점,"부산광역시 해운대구 해운대로 814(좌동, 세종월드프라자 124, 125호)",129.1776699,35.16957237,매우우수,HG210007039,부산광역시 해운대구,2023-07-26
2132,루시카토,부산광역시 해운대구 센텀남대로 35(신세계백화점센텀시티점 지하 1층 일부호 우동),129.1290849,35.16881869,매우우수,HG210004136,부산광역시 해운대구,2023-05-18
2133,(주)조선호텔앤리조트 그랜드조선 부산 조선델리,부산광역시 해운대구 해운대해변로 292(그랜드 조선 부산 지상2층 중동),129.1630334,35.16006918,매우우수,HG220005730,부산광역시 해운대구,2022-07-15
2134,(주)소맥베이커리,부산광역시 해운대구 센텀남대로 35(신세계백화점센텀시티점 조리장 지하1층 우동),129.1290849,35.16881869,우수,HG220005321,부산광역시 해운대구,2022-07-06
2135,(주)소맥베이커리,부산광역시 해운대구 센텀남대로 35(신세계백화점센텀시티점 매장 지하1층 우동),129.1290849,35.16881869,우수,HG220005559,부산광역시 해운대구,2022-07-12
2141,리우,부산광역시 사하구 사하로 204(1층 괴정동),128.9934773,35.09987024,매우우수,HG230000540,부산광역시 사하구,2023-02-15
2148,보리종파티세리 장전래미안점,부산광역시 금정구 식물원로 11(1층 장전동),129.0867332,35.22387552,매우우수,HG220009484,부산광역시 금정구,2022-11-01
2149,크리스피크림 부산대점,"부산광역시 금정구 부산대학로 31(1,2층 장전동)",129.0877407,35.23104145,매우우수,HG220002191,부산광역시 금정구,2022-04-05
2157,(주)신세계푸드 베이커리 연제점,부산광역시 연제구 연수로 89(연산동),129.0813103,35.17615076,매우우수,HG220005881,부산광역시 연제구,2022-07-20
2161,프흐미에,부산광역시 연제구 월드컵대로10번길 8(1층 연산동),129.0867935,35.17570501,매우우수,HG220009796,부산광역시 연제구,2022-11-09
2172,앤티앤스 첼시기장점,부산광역시 기장군 장안읍 정관로 1133(1400동 177호 부산프리미엄아울렛),129.2349503,35.32381009,매우우수,HG210001770,부산광역시 기장군,2023-03-19
2173,이케아 베이커리,부산광역시 기장군 기장읍 동부산관광3로 17(2층),129.2102724,35.19028869,매우우수,HG230004599,부산광역시 기장군,2023-07-10
