상호명,연락처,운영시간,평점,평점개수,주소,우편번호,위도,경도,리뷰1_평점,리뷰1_내용,리뷰2_평점,리뷰2_내용,리뷰3_평점,리뷰3_내용,리뷰4_평점,리뷰4_내용,리뷰5_평점,리뷰5_내용,수집시간
금수복국 해운대본점,051-742-3600,월요일: 24시간 영업; 화요일: 24시간 영업; 수요일: 24시간 영업; 목요일: 24시간 영업; 금요일: 24시간 영업; 토요일: 24시간 영업; 일요일: 24시간 영업,4.2,7428,대한민국 부산광역시 해운대구 중동1로43번길 23,8Q7F5567+XR,35.1624205,129.1645061,5,해장하기에 최고의 음식인것 같습니다. 국물이 정말 시원하고 끝내줍니다. 복튀김과 무침도 별미이고 이 맛이 생각나 서울지점을 가보았으나 역시 본점은 못따라가는구나 생각했습니다.,5,"복국으로 유명해서 방문한 곳.

정식코스 이용을 위해 본점 2층 오픈 시간 11시에 맞춰서 입장 했는데 계속 해서 손님들이 방문 함.

애피타이저로 제공 하는 콩물 및 디저트로 제공하는 모주 아이스크림도 꽤 맛있었음.

부산에 방문 할 일이 있으면 한번 정도 방문 하여 경험 해보는 것도 나쁘지 않음.",5,"부산 해운대에 위치한 금수복국 해운대본점은 미슐랭 가이드에 여러 차례 등재된, 대한민국 복요리의 진수를 보여주는 식당입니다. 단순히 오래된 맛집이라는 수준을 넘어서, 재료의 선도와 조리의 완성도, 서비스의 품격까지 모든 면에서 높은 수준을 유지하고 있는 곳이었습니다. 실제로 방문해보니 그 명성이 왜 수십 년간 이어져 왔는지 단번에 느낄 수 있었습니다.

이",4,지인과 함께 방문하였으며 까치복탕을 주문하여 먹었습니다. 복살이 푸짐하고 국물이나 분위기는 활력있고 좋았습니다. 단 오리지날 복집이므로 가격대는 다소 높습니다. 정통 복국과 요리를 좋아하시는 분께는 추천합니다,4,"분위기좋고, 음식은 맛있습니다. 가겨은  조금  비싼것 같아요,  직원분들  노련하시고 친절하고 매장이 깨끗 합니다.",2025-08-23T16:52:03.058002
본전돼지국밥,051-441-2946,월요일: 오전 9:00 ~ 오후 8:30; 화요일: 오전 9:00 ~ 오후 8:30; 수요일: 오전 9:00 ~ 오후 8:30; 목요일: 오전 9:00 ~ 오후 8:30; 금요일: 오전 9:00 ~ 오후 8:30; 토요일: 오전 9:00 ~ 오후 8:30; 일요일: 오전 9:00 ~ 오후 8:30,4.1,4580,대한민국 부산광역시 동구 중앙대로214번길 3-8,8Q7F428R+JH,35.116595,129.0414111,4,"어제는 줄이 길어서 옆집에서 먹어봤지만 오늘은 혼밥하러 와봤네요^^
혼밥이라 자리가 금방 생기네요@@/
혼밥 2인이 한테이블에~~~ㅎ
어제 옆집처럼 내장만으로 주문!
김치와 부추, 양파와 고추가 나오네요!
여기는 맑은 국물에 부추를 넣어서 먹네요.
국물은 좀 연하네요!
고기는 푹 삶아서 부드럽지만 식감은 떨어집니다@@/
고기는 냄새가 좀 있고요.
개인적으로",4,"부산역 근처 돼지국밥 맛집을 검색해 가본곳. 난 서면이 더 맛있는것 같다. 위치가 부산역 바로 앞이라 자리덕을 많이 본듯. 맛은 쏘쏘.
순대랑 수육도 시켰는데 순대는 맛없..
수육은 부드럽게 잘 삶으시긴 했는데..저거 한그릇에 3만원임.. 에혀..관광지 물가.
걍 국밥만 드셔도 될듯.
양파랑 와사비간장 소스 찍어서 고기랑 먹으니 궁합이 좋았음. 김치 직접 ",5,"맛있는 국밥집.
국밥은 오래된 집이지만
깔끔한 스타일로 대중적으로 좋아할만하다.
국밥 자체보다도
김치가 특별해서 아주 잘 어울린다.
역이랑 가까워서 대기가 많을 수 있다는 것이 문제.
충분히 맛있지만
긴 줄을 기다리면서까지 먹을지는 잘 모르겠다.",4,"부산역 앞 돼지국밥 중에 아주 유명한 곳 답게 더운 여름에도 줄이 길더라구요. 고민하다가 저도 줄 서서 먹었습니다. 돼지고기 누린내도 안나고 맛있는 돼지국밥이었습니다. 국물 따로 수육 따로 주는 수육백반과 국물에 돼지고기가 빠져있는 돼지국밥 중에 고민하다가 돼지국밥(10,000원) 선택했어요. 역시나 맛있었는데 다음에는 수육백반(13,000원)을 먹어봐야겠",4,"25.06.21
기본 2인분 포장해왔어요.포장은 줄 설 필요없었으나 결제하고 5분정도 대기하였읍니다.앞에 줄이 금방빠지는걸 보니 확실히 회전율이 빠릅니다.돼지국밥에 겉절이 김치랑 부추,파, 새우젓,다대기 포장되어 있음.무슨 루이비통 모노그램을 연상케하는 비닐에 담아주시는데 준비해간 보온백에 바로 넣어서 왔네요.
이미 조리된거라 한번 팍 끓이고 바로 먹으면 ",2025-08-23T16:52:03.349243
이재모피자 본점,051-245-1478,월요일: 오전 10:00 ~ 오후 9:30; 화요일: 오전 10:00 ~ 오후 9:30; 수요일: 오전 10:00 ~ 오후 9:30; 목요일: 오전 10:00 ~ 오후 9:30; 금요일: 오전 10:00 ~ 오후 9:30; 토요일: 오전 10:00 ~ 오후 9:30; 일요일: 휴무일,4.4,4109,대한민국 부산광역시 중구 광복중앙로 31,8Q7F422J+R6,35.1021046,129.0305985,5,"성수기 평일에 약 2시간을 기다려서 본점 1호점 방문.
본점 2호점이 1호점 보다 대기시간이 약간 짧았음.

이재모 크러스트 피자, 김치볶음밥 먹었는데 치즈가 풍부해서 다른 프랜차이즈 피자와는 다르긴 했음.
무엇보다 김치볶음밥이 상당히 괜찮았음. 다만, 2시간을 기다려서 다음에도 먹을수 있을지는 다시 생각을 해봐야 할 듯.",4,"부산 중앙역 용두산 근처에 위치한
이재모피자 본점 다녀왔어요

이재모피자 본점에서만 주문이 가능한
김치볶음밥과 치즈크러스트피자
오븐치즈 스파게티 까지 주문했습니다

메뉴는 굉장히 빨리 나오는 편이였고
본점에서만 판다는 김치볶음밥은 너무
기대를 한 탓일까 다소 평범했어요

치즈크러스트 피자는 반반 햄크러스트로
변경했는데 치즈 자체의 풍미와
토마토소스가 잘 어",5,"평일점심시간인데도 대기순번25번째
매장 규모가 넒어서 20분정도 대기하니까
입장이 되었어요
이재모 피자는 제가20년전부터 옛날 미화당
백화점옆에 있을때부터 가던 집입니다
맛은 여전히 맛있구요 치즈가 다른피자집 보다
좋은제품을 사용하는지 풍미가 아주 좋았어요
도우라인에 모짜치즈도 쫀득쫀뜩한게 맛있구요
오븐스파게티는 다른피자집 하고 맛은 비슷하구요
퀼리티는 우",5,"부산 출장 왔다가 지인분에게 끌려간 피자집.
점심부터 무슨 피자냐고 절대 안간다고 했지만 결국 끌려갔다.
내부가 상당히 넓었음에도 대기를 하고 들어갔다. 운좋게도 5분만에...

주문은 테이블오더로 하는데, 베스트 메뉴 위주로 주문했다.
콜라는 리필이 안된다. 빨대도 없다. 이건 진짜 불편하다. 앞치마도 없다. 장사 잘된다고 이것저것 주인 마음이다.
음료는",5,치즈의 양이 이상적입니다. 일반 프랜차이즈 피자에서 치즈 퀄리티를 높이고 양을 두세번 추가한 느낌입니다. 수제 피클은 적당히 절여져서 맛있고 샐러드는 평범하지만 곁들여 먹기 좋습니다. 음료는 디스펜서 이용 가능한(리필 불가능) 컵 하나를 주는데 약 700ml 정도여서 두 명이 마시기 딱 좋습니다. 매장이 시끄럽긴 하지만 귀여운 서빙 로봇도 있고 갓 나온 피,2025-08-23T16:52:03.626067
해운대 기와집 대구탕,051-731-5020,월요일: 오전 8:00 ~ 오후 8:40; 화요일: 오전 8:00 ~ 오후 8:40; 수요일: 오전 8:00 ~ 오후 8:40; 목요일: 오전 8:00 ~ 오후 8:40; 금요일: 오전 8:00 ~ 오후 8:40; 토요일: 오전 8:00 ~ 오후 8:40; 일요일: 오전 8:00 ~ 오후 8:40,4.1,3185,대한민국 부산광역시 해운대구 달맞이길50번길 4,8Q7F556C+C2,35.1610798,129.1700367,5,"8월 3일 일요일, 점심시간쯤 도착했는데 주말이고 휴가철이라 그런지 앞에 대기팀이 무려 17팀이나 있었다. 그래도 회전률이 빠른 편이라 30분 정도 기다리고 바로 들어갈 수 있었다.
가게가 꽤 큰데도 손님이 정말 많았다. 자리는 계속 빠지는데 손이 모자란지 치우는 게 따라가지 못해서 빈 테이블이 있는데도 잠깐씩 대기가 생기는 상황. 그래도 직원분들이 엄청 ",5,맛집리뷰 1.맛:깔끔하고 맛있어요 2.뷰:통창이 좋지만 시내뷰에요 3.친절:친절합니다 4.가격:단품 15000 5.위치: 접근성 좋아요,5,"달맞이고개. 대구탕.
근 10여년만의 재방문.
가격도 40프로는 오른거같고
추억보정인가싶어 내심 걱정했는데
여전히 맛있다는 느낌은 변함이 없음.
아침일찍 걸어서 1인 방문해서
가벼운 마음으로
좋은 날씨에 한그릇 뚝딱하고 옴.",5,"시원한 대구탕 정식 추천합니다
부산에서 유명한 대구탕 집인데 사장님 돈 많이 버셔서 확장 이전했네요
맛은 그대로 맛납니다요
주차장 있고 주차요원분들께서 정리 해주시고
1층 캐치테이블 예약 하는곳이 있어서 예약하고 순번 기다리면 됩니다
대구탕 정식 1인분 15000원
다대기 넣어서 얼큰하게 드셔도 좋습니다",5,"부산 오시면 꼭 들려보세요.
식사는 단 한가지로 대구탕 백반입니다.
해운대에서 한잔 하셨으면
해장하기 너무 좋습니다.
고추다데기가 있는데 신의 한수입니다.
넣기전엔 마일드한 국물에서
넣은 후는 폭주 기관차로 돌변합니다.
남녀노소, 외국인들도 좋아할 맛입니다.",2025-08-23T16:52:03.901547
신발원,051-467-0177,월요일: 오전 11:00 ~ 오후 9:00; 화요일: 휴무일; 수요일: 오전 11:00 ~ 오후 9:00; 목요일: 오전 11:00 ~ 오후 9:00; 금요일: 오전 11:00 ~ 오후 9:00; 토요일: 오전 11:00 ~ 오후 9:00; 일요일: 오전 11:00 ~ 오후 9:00,4.1,3173,대한민국 부산광역시 동구 대영로243번길 62,8Q7F427Q+WF,35.1148152,129.038688,5,"아이들 방학으로 함께 다녀왔어요.
아이들이 커서 성인 4명 기준입니다.
오픈런하려고 일찍 나섰는대도 사람이 많았지만 대기 시간이 오래 걸리지 않았어요!
튀김2, 고기2, 새우만두, 콩국물 주문했어요.
-콩국물은 많이 뜨거우니 많이 조심하셔야해요. 싱거운 두유맛. 건강한 맛이라 좋았어요~^^
-튀김만두는 2개 주문했어요. 엄청 잘 튀겨져서 맛이 👍 👍 👍  ",4,"부산 상해거리에 위치한 신발원에서
만두와 비빔면 먹고왔어요

주말 1시 30분쯤 도착했고 20분정도
대기후에 입장했어요

입장전에 어떤메뉴를 먹을지 사전에
체크하고 들어가서 주문하고 중간에
추가 주문은 불가능해 신중하게
주문해야 합니다

새우, 고기, 군만두와 마라비빔면과
오이무침을 주문했어요

미리 메뉴를 체크해서 그런지 메뉴들이
굉장히 빨리 나왔고 뜨거",5,"오픈 1시간 전에가서 웨이팅 해서 먹었어요.
주말에는 오픈 30분 전부터 웨이팅 있음
새우 만두. 군만두 베스트 입니다!
부추당면만두 직원 추천받았는데 쏘쏘였고, 고기도 맛있지만 새우 만두같은 감동은 아니였어요
면은 마라면는 칼국수에 마라소스에 볶은 고기 넣어서 비벼먹는맛!",5,"부산 만두가 새로 나왔대서 오픈런했죠!!!
직원분께 어떤 만두냐고 물어봤더니 어묵, 해산물, 고기가 들어가는 부산을 상징하는 만두라고 하더라고요
만두에수 육즙이 나오면서 오징어가 씹히니까 쫄깃하니 넘 맛있었어용 어묵도 생각보다 잘어울리고 식감이 좋더라고요 부산 만두 먹으러 다음에 또 가야겠어요^0^ 히히",5,"신발원은 갈때마다 언제나 대만 현지에서 먹었던 수제만두의  풍미와 분위기를 느끼게 해주네요.
이번에 친구들과 오랜만에 신메뉴 위주로 모듬만두 세트, 숙주나물, 쿵푸면, 마라비빔면, 콩국, 오이무침과 콩국세트를 시켜보았어요^^ 근데 먹는데 정신이 팔려서 사진이 별로 없네요😓😭

✅ 콩국: 적당히 달달하게 간이 맞춰져나옵니다. 콩국의 묘미는 같이 나오는 콩국빵",2025-08-23T16:52:04.220936
NAMASTE HAEUNDAE,051-746-1946,월요일: 오전 11:00 ~ 오후 11:50; 화요일: 오전 11:00 ~ 오후 11:50; 수요일: 오전 11:00 ~ 오후 11:50; 목요일: 오전 11:00 ~ 오후 11:50; 금요일: 오전 11:00 ~ 오후 11:50; 토요일: 오전 11:00 ~ 오후 11:50; 일요일: 오전 11:00 ~ 오후 11:50,4.8,2761,대한민국 부산광역시 해운대구 해운대해변로265번길 7,8Q7F5566+37,35.1601537,129.1606393,5,인도 요리 전문점이라 그런지 확실히 커리가 맛있었어요ㅎㅎ트립어드바이저 여행자선정맛집이더라구요?? 가격이 아쉽긴했지만 요즘 물가 다비싸니 그건 어쩔수없는 부분같고 맛도 분위기도 직원친절도도 만점 드리고 싶네요~!,5,"해운대 올 때마다 지나만 다니다가 처음 들어왔는데, 음식 깔끔합니다.
메뉴 설명이 잘 되어 있어서 취향에 맞게 카레 선택할 수 있어서 좋았고, 난을 종류별로 주문해봤는데 정말 잘 구워져 나와서 맛있게 잘 먹었습니다.
사프란라이스는 제 스타일은 아니었지만 쫄깃한 식감이 아이들의
취향엔 꼭 맞았나봅니다. 엄청 잘 먹더라구요.
사장님께서 한국어, 영어 모두 능통",5,"오랜만에 방문했는데
리모델링하고 내부도 깔끔해지고
맛은 여전히 맛있네요ㅠㅠ❤

예전에는 외국분들뿐이라 소통이어려웠는데
한국인 매니저님? 계서서 메뉴설명도 잘해주시고 너무친절하셨어요! 추천메뉴도 맛있었어요♡

최애 갈릭난...❤
부모님모시고 또올께요!
맛있게 잘먹고갑니다❤",5,"1. 사장님 진짜 친절하심. 그 친절함으로 다시 찾고 싶어졌음. 한국 사람보다 장사를 더 잘 하심.
2. 인도에서 실제로 먹어본 적이 없어서 오리지날에 비교는 못하겠지만 인도음식 좋아하는 딸의 표현에 의하면 난이 아주 부드럽다고 함. 라쉬도 맛있음 (라쉬는 맛이 없을 수 없지만)
3. 샐러드는 소스가 입에 안맞았는데 그건 우리 모녀의 취향의 문제일 수도.
",5,"인테리어가 현지 분위기
버터커리 너무 맛잇어요 ㅠㅠㅠㅠㅠㅠㅠ
잘먹엇습니다!
라씨도 넘 맛잇어요!",2025-08-23T16:52:04.505117
영진돼지국밥 본점,051-206-3820,월요일: 오전 9:30 ~ 오후 9:30; 화요일: 오전 9:30 ~ 오후 9:30; 수요일: 오전 9:30 ~ 오후 9:30; 목요일: 오전 9:30 ~ 오후 9:30; 금요일: 오전 9:30 ~ 오후 9:30; 토요일: 오전 9:30 ~ 오후 9:30; 일요일: 휴무일,4.5,2575,대한민국 부산광역시 사하구 하신번영로157번길 39,8Q7C3XW5+M5,35.0966354,128.9578812,5,"꼭 본점에 방문해야 한다고 해서 일부러 을숙도 가는 길에 들렀습니다. 주말 오전 10시반에 방문했는데 30분 정도 기다렸고 주차장이 생각보다는 여유있어서 주차했지만 혼잡했어요.
수육백반과 돼지국밥 하나씩 주문했고 수육백반이 훨씬 맛있었습니다. 고기가 매우 부드럽고 국물도 진하고 면도 따로 나왔는데, 수육백반은 쌈이랑 두부, 볶은김치(엄청 답니다)를 같이 싸",5,"부산에서 가장 유명한 돼지국밥집 중 하나.
평일 점심도 줄을 선다.
그런데 타지사람보다? 만큼? 부산사람이 많다.
부산 사람이 인정한 돼지국밥집.

국물은 깔끔한데 특히 뒤에 돼지국밥 특유의 쓴맛이 없다. 또 내장이든 살코기든 극강의 야들야들함이 특징이다.

국물은 간이 되어 잇으니 다짜고짜 새우젓을 넣지는 말자.

이런것도 다 종업원 분들이 알려주신다.
",4,이곳은 돼지국밥집이지만 국밥 보다 수육백반을 추천 드리는 곳입니다. 한끼에 만4천원이라는 금액이 작지는 않지만 부쩍오른 물가를 생각하면 구성이 그리 나쁘지는 않습니다. 뜨끈한 국물에 잘 삶겨진 수육과 새콤한 볶은 김치의 조화 좋았습니다. 어쩌면 가성비라고 불러도 좋을정도 였습니다. 그리고 맛도 부산 돼지국밥계의 한축을 담당한수 있을정도로 좋았습니다. 이곳에,4,"아침 9시 10분쯤 방문 대기 없었음.
다들 엄청 친절하시고 반찬도 계속 더주심.
국밥도 맛있긴 한데 막 엄청나게 특별한 맛은 아니였음.
고기가 꽤 푸짐해서 먹는 맛이 있었음.",4,그냥 김치는 중국산이라 별로지만... 볶음김치는 맛있어요 ~~^^ 중간중간 리필해주셔서 부족함 없이 먹었습니다! 항정수육 느끼하지도 않고 맛나요~~~ 🤍 소주 한 병 뚝딱!,2025-08-23T16:52:04.802971
60년전통 할매국밥,051-646-6295,월요일: 오전 10:00 ~ 오후 7:00; 화요일: 오전 10:00 ~ 오후 7:00; 수요일: 오전 10:00 ~ 오후 7:00; 목요일: 오전 10:00 ~ 오후 7:00; 금요일: 오전 10:00 ~ 오후 7:00; 토요일: 오전 10:00 ~ 오후 7:00; 일요일: 휴무일,4.2,2488,대한민국 부산광역시 동구 중앙대로533번길 4,8Q7F43R4+CF,35.1410105,129.0561679,4,"유명세 있는 국밥집들중 그나마 아직 1000원~2000원 가량 저렴하다

맑은육수의 대표주자 용호동 합천에 비하면 조금 부족하지만 가격생각하면 훌륭하다. 투박하게 썰어내는 고기의 식감이 일품",4,"[여기할매잘하네예_ 부산 60년전통할매국밥]

국밥이다
나는 그냥 돼지국밥충이다

1
거래처에 왔는데 바로 주변에 돼국맛집이 있다하니
추천을 적극 수렴하여 방문했다
보통 줄을 엄청 선다고 하는데 다행히 바로 입장했다

2
부산은 동네별로 이정도의 국밥맛집은 하나씩있는것 같다
앉아서 주문하고 얼마안되었는데 금방 만석이 되었다

3
이렇게 고기가 많이 담겨(?",4,"부산지인들이 모두 추천해서 오픈 시간이 되기전에 도착했는데 이미 식사하고 계신분들이 있었어요
돼지국밥이랑 내장국밥이 있는데 섞어달라고 말하면 고기랑 내장이 함께 들어간 섞어국밥으로 주시네요
국물은 다른곳과 다르게 맑은데 맛은 맑지않고 진한 맛이었고 수육(중)도 잡내없이 깔끔하게 기름이 쫙 빠진 맛이었어요
먹다가 국물이 부족하면 더달라고 하시면 더주세요
가람",4,아주 오래전 돼지국밥을 처음 먹은 곳입니다. 그래서 정감도 넘치고 자주 갔던 집인데 이사온지 수십년이 되어 가지 못하다 어마어마하게 오랜만에 이른 점심을 하고 왔습니다. 1대 사장님의 그 당시 없이 사는 범일동 서민들 위해 싸고 맛있게 한끼하던 식당의 모토는 그대로 2대에 걸쳐 이어지고 있는 것 같습니다. 국밥 7천원. 싸고 아주 맛있습니다. 고기질도 좋습,5,"제가 부산을 자주가는데 수백은 꼭 여기서먹습니다. 가격도 저렴하고 고기도 냄새가 안나고 좋습니다.
점심시간에 걸리면 줄서서 기다려야하며, 매주 일요일은 휴무입니다.",2025-08-23T16:52:05.090713
냉수탕가든,051-897-5252,월요일: 오전 10:30 ~ 오후 9:50; 화요일: 오전 10:30 ~ 오후 9:50; 수요일: 오전 10:30 ~ 오후 9:50; 목요일: 오전 10:30 ~ 오후 9:50; 금요일: 오전 10:30 ~ 오후 9:50; 토요일: 오전 10:30 ~ 오후 9:50; 일요일: 오전 10:30 ~ 오후 9:00,4.2,2140,대한민국 부산광역시 부산진구 가야공원로 107,8Q7F42VH+Q9,35.1444216,129.0283946,5,"캐치테이블로 야외, 실내 다 예약가능해서 보면서 갔고 일요일 저녁에 대기 없이 야외테이블에 앉았어요

오리불고기는 냉수탕가든이 제일 맛있네요

밑반찬도 다 깔끔하고 셀프바에서 눈치볼 필요없이 추가도 가능한게 좋습니다!",4,"Dr.는 가리지말라고 했지만 체력회복 위해서
붉은색 보다는 흰색육류 섭취하기위해 찾은
냉수탕가든
오래간만 방문해서 그런지 내부가 많이변했다
추가곁찬은 셀프바 이용하면되니 추가요청에
대해 편안함이 좋다
시작은 오리불고기 한마리 시작했지만 아들이
컸다고 반마리추가! 잘먹으니 은근히 기분좋다
마무리는 불문율의 볶음밥 주문하고
입가심으로 냉면 먹으면 만족감이 최고",5,"아빠가 막걸리 드시고싶다고 하셔서 막걸리 달라구했는데 막걸리가전체품절이라더니 옆테이블은 가져다주더라고용~ 그래서 별한개 뺏어융~  급하게가서 옷도안챙겨가고수건도안챙겨갔는데 잘먹고 잘놀다가 춥다고 난리부리는 아이들 따듯한 불 앞에서 오리고기 먹이고 다 젖은 상태로 잘내려왔어요^^;;
수건제공 안한다고하니 잘챙겨가세용~
애들이 좋아했어요~
애들이좋아하면 별5개",5,"부산 토박이 친구가 20년째 단골이라는 맛집을 데려왔는데 거기가 여기였습니다! 고기도 부드럽고 간도 딱 적당하고 맛있었어요 :) 볶음밥도 맛있고, 보통 이런 가족 단위 맛집에는 제로음료가 없는데 제로콜라가 있어서 너무 좋았습니다! 잘먹었습니다 🫶🏻",4,야외 실내 다 자리가 엄청 많고 애기들이 놀기 좋은곳도 있음,2025-08-23T16:52:05.381181
수변최고돼지국밥 본점,051-754-9222,월요일: 24시간 영업; 화요일: 24시간 영업; 수요일: 24시간 영업; 목요일: 24시간 영업; 금요일: 24시간 영업; 토요일: 24시간 영업; 일요일: 24시간 영업,4.4,2140,대한민국 부산광역시 수영구 광안해변로370번길 9-32,8Q7F544M+PP,35.1567627,129.134279,5,"🕒 방문 시기
새벽 1시쯤 방문했습니다.

🍽️ 음식
부산 분들의 추천대로 수변 최고 돼지국밥은 본점으로 방문했습니다. 확실히 마린시티점이나 해운대점과는 차이가 느껴졌습니다. 국물이 훨씬 더 뽀얗고 진하며 진득한 맛이 인상적이었고, 다데기가 기본으로 들어가 있어 감칠맛이 살아났습니다. 특히 고기 양이 상당히 많아서 만족스러웠습니다. 수육은 일반 수육보다는 ",5,"부산 민락수변공원 근처에 위치한
민락수변돼지국밥 본점 다녀왔어요

시그니처 메뉴인 항정국밥과 맛보기
항정수육을 맛보았습니다

이곳은 24시간 영업하고  특히 식사
시간에는 대기 줄이 길어지므로 테이블링
앱을 통한 사전 예약을 추천드려요

주말 오후 9시 정도 늦은 시간에
도착했는데도 30분 정도 대기했습니다

항정국밥은 뽀얗고 진한 국물에 두툼한
항정살이 ",5,"맛을 말할 필요가 없는 곳이예요. 너무 맛있는데 단점은 항상 웨이팅이 길다는 거예요. 일요일 오전 11시인데 대기160이네요. ㅎㅎㅎ 예상대기시간 2시간반 기다려야 해요.
먹어보니 고기질이 너무 좋고 국물보다 고기가 많아요. 진짜 고기 인심이 좋네요. 이 가격에 이런 고기양이 말이 안 된다 싶어요.",4,"항정,고기 주문..
웨이팅 굉장함..
잡내없는국물 맑은 국물은 아님.
부산의 수많은 돼지국밥집들중 높은 인기를 누린다는것은 대중성이 확실하는 듯함.",4,"웨이팅 리스트에 올리고
1시간을 기다린후에야
간신히 입장할수있었다.

얼마나 맛있길래?

맛: 나쁘지않았다 4/5
깍뚜기 2/5(신경좀 써주세요)
써비스: 머리묶은 이모에게 부추 주문 2번이나 했는데 결국 잊으셨나? 2/5
위생: 전반적으로 깔끔한 느낌 4/5",2025-08-23T16:52:05.674262
해목 해운대점,,월요일: 오전 11:00 ~ 오후 10:00; 화요일: 오전 11:00 ~ 오후 10:00; 수요일: 오전 11:00 ~ 오후 10:00; 목요일: 오전 11:00 ~ 오후 10:00; 금요일: 오전 11:00 ~ 오후 10:00; 토요일: 오전 11:00 ~ 오후 10:00; 일요일: 오전 11:00 ~ 오후 10:00,4.4,2002,대한민국 부산광역시 해운대구 구남로24번길 8,8Q7F5565+MW,35.1617421,129.1597712,5,"유명한 이유가 있는 맛집입니다
하지만 가격이 너무 비싸서 또 올지는 모르겠네

주차장은 따로 없는 걸로 알고 있습니다

서비스가 아주 훌륭하며 오픈 11시에 들어가니 대기 없이 바로 입장했습니다. 평일이 기준입니다

음식은 엄청 맛있었고 서빙하는 분들이 엄청 친절했습니다 하지만 능숙하게 말하는 것과 어색하게 말하는 부분에 차이가 있는 거고 알바의 경력의 차",4,부산 휴가철 다녀온 일식집. 식전주(7천원) 사케와 히츠마부시(39천원). 카이센동(37천원). 모듬튀김(13천원). 디저트로 달달한 전통설당 소스에 치즈같은 모찌리도후(9천원)로 마무리. 소문 만큼 맛나게 먹었네요. 종업원들의 기계적인 음식설 설명이 약간 부담스럽지만 열심히 사는 젊은이들 보는건 좋네요. 제 손에 손 꼽힐 정도의 히츠마부시(애들이 앏아요),3,"아주긴  웨이팅시간에  비해  음식이  아주맛 있진  않았고 그냥 평범 했습니다. 장어 덥밥의 장어는  좀 얇았어요 그대신  밥의양이  조금  많은듯  했습니다. 그리고  카이센동도  비슷 했어요, Compared to the long waiting time, the food wasn't very good and it was just normal. The ",4,왜 사람들 줄서는지 이해감🏃🏿‍♀️맛도 좋고 공간도 재밌고 양도 좋고 서비스도 좋고💕생강절임을 좋아하는데 여기 생강절임 초밥집처럼 너무 달지도 않고 계속 먹게되는 요물 반찬이었어요! 장어덮밥은 부드럽게 꿀떡 넘어가는 식감이 아니고 겉도 살짝 바삭하게 구워져있고 쫄깃탱탱한 식감이어서 좋았어요. 같이 곁들여먹는 깻잎 조합도 훌륭했어요 오차즈케로 먹는게 즐거웠어,5,인생 장어덮밥입니다!!! 불향도 너무 좋고 소스도 맛있어요!! 카이센동도 엄청 예뻐요ㅠㅠ 웨이팅 많으니까 테이블링으로 원격 줄서기 필수!!,2025-08-23T16:52:05.961272
신촌양푼이갈비찜 서면본점,051-804-0990,월요일: 오전 11:30 ~ 오후 10:00; 화요일: 오전 11:30 ~ 오후 10:00; 수요일: 오전 11:30 ~ 오후 10:00; 목요일: 오전 11:30 ~ 오후 10:00; 금요일: 오전 11:30 ~ 오후 10:00; 토요일: 오전 11:30 ~ 오후 10:00; 일요일: 오전 11:30 ~ 오후 10:00,4.8,1671,대한민국 부산광역시 부산진구 서전로10번길 27-2,8Q7F5346+H4,35.1564367,129.0602928,3,"국내산 돼지갈비만 사용한다는 서면 맛집입니다. 맵기는 4단계까지 있는데 1단계가 순한맛, 2단계가 신라면보다 좀더 맵습니다.

직원이 뼈를 직접 발라주고 바로 먹을 수 있게 주방에서 미리 익혀서 나옵니다.

성인남성은 고기 양이 부족할 수 있으니 인원 수보다 사이즈를 좀더 여유있게 주문하거나 추가로 볶음밥을 시키세요.

해물감자전이 먹을만한데 네이버 예약을",4,"1시 20분쯤 방문한 한식당. 기다림 없이 바로 입장했습니다.

묵은지 갈비찜과 해물 감자전을 주문했어요.

직원분들이 친절해서 더욱 기분 좋은 식사였습니다.

의외로 해물 감자전이 정말 맛있었어요. 해물과 감자의 조합이 이렇게 잘 어울릴 줄 몰랐네요.

갈비찜은 맛있는 김치찜 느낌으로 맛있었습니다.",2,"평범한 맛에 비해 이상하리 만큼 높은 평점

Strangely high rating for such an average taste. Don't get tricked by the review score it's just an okay place.",3,"이곳 맛집 네이버 점수가 높아서 갔음..
일단 네이버 평점은  리뷰 서비스 제공으로 높음.

내부는 어둡고 청결하지는 않음.

가격은 생각보다 비쌈,  맛은  네이버 평가 절반도 안되는....

신촌이란 상호가 있는데 체인점 아닌 단독 점포.

서면 일대 전부 블로그 서비스가 있어  네이버 평점 믿을게  못됨..

밑 반찬은  그냥 저냥...

매장 내부는",5,부산와서 와봤는데 넘나 맛있고 서비스 좋고 부산의 맛집 인정,2025-08-23T16:52:06.245565
미포집 해운대본점,051-747-2203,"월요일: 오전 11:00 ~ 오후 3:00, 오후 5:00~9:00; 화요일: 오전 11:00 ~ 오후 3:00, 오후 5:00~9:00; 수요일: 오전 11:00 ~ 오후 3:00, 오후 5:00~9:00; 목요일: 오전 11:00 ~ 오후 3:00, 오후 5:00~9:00; 금요일: 오전 11:00 ~ 오후 3:00, 오후 5:00~9:00; 토요일: 오전 11:00 ~ 오후 3:00, 오후 5:00~9:00; 일요일: 오전 11:00 ~ 오후 3:00, 오후 5:00~9:00",4.5,1617,대한민국 부산광역시 해운대구 달맞이길62번길 3,8Q7F556C+8H,35.1607535,129.1714554,5,"부산 여행와서 아침겸 점심 먹으러 오게 된 미포집.

일단 저희는 해물장 정식(3.9)을 시켜서 먹었습니다!
오픈하기 직전인데 웨이팅해서 들어갔어요, 저희가 9번이었는데 저희 뒤로 웨이팅이 계속 잡히더니 오픈하자마자 좌석이 꽉 차더라고요! 나오기전부터 기대감이 올라갔습니다!

가리비, 연어, 꽃게, 새우, 전복, 문어 등 해산물이 가지각색으로 들어가는데 전",3,"엄마와 함께 들렀어요~
토요일 저녁이었고 15분정도 기다린듯.
기다리는곳에 난로가 있어 따뜻했지만
주문하고 음식나오기까지가 조금 시간이 걸려 아쉬었어요
하지만 해산물이 신선하고 맛있었어요^^
솥밥도 오랜만에 먹으니 찰지고 구수하고
맛있게 잘 먹었습니다",3,"짜지않고 은은한 상큼함이 감도는 간장으로 담은 해물장 맛집입니다..
아이들이 아주 맛있게 먹어 기분이 좋습니다..

매일 끓이는 과일효소가 들어간 열매간장으로 만드는 해물장입니다. 미포집 모녀들(외할머니, 어머니, 딸)의 부심으로 탄생한 미녀 해물장입니다.
어머니의 마음이 담겨 짜지 않게 맛있는 해물장이 이렇게도 멋지게 담겨 나옵니다. 음식의 조리와 담음에",5,11시 20분에 식당 안이 꽉 차 있네요.12시 되자 벌써 대기 15팀 이네요. 그렇게 기다려서먹을만 한 맛. 문어솥밥 전복솥밥 정말 맛있어요,1,가성비 정말 별로입니다. 이가격이면 맛있는 간장게장집을 가겠네요. 솥밥은 기본도 안되어 있습니다. 이런 음식을 이런 가격으로 판매한다니 양심도 없네요. 휴가차 부산 방문했다가 기분만 상했네요.,2025-08-23T16:52:06.541309
해운대오복돼지국밥,051-731-1488,월요일: 24시간 영업; 화요일: 24시간 영업; 수요일: 24시간 영업; 목요일: 24시간 영업; 금요일: 24시간 영업; 토요일: 24시간 영업; 일요일: 24시간 영업,4.4,1597,대한민국 부산광역시 해운대구 구남로 15,8Q7F5576+22,35.1626121,129.1600382,5,해운대 한복판에 있어 관광객 식당이 아닐까 싶었는데 의외로 매우 만족스럽게 먹고 온 곳. 늦은 시간까지 영업하다 보니 술 마시기 좋다. 여느 부산 국밥집처럼 안주로 순대수육을 주문하면 서비스로 국물이 나온다. 돼지 누린내가 나지 않아 거부감없이 먹을 수 있었으며 수육도 깔끔했다. 간이 강한 김치가 내 취향임.,3,"구글평점에 왠만해선 실패를 안하는데
저날 저녁엔 먹다 실망함.
음식도 빨리나오고 친절하고 주문도 편리한데
국물맛이 살짝 탄맛 비슷하게 느껴짐.
여기는 일단 재방문해서 다시 먹어보고 재리뷰하겠음.
건더기 등은 충분했음.",4,잡내 없고 고기가 부드러워서 누구나 편하게 먹기 좋음. 육수의 깊은 맛이 살짝 아쉬움,5,"해운대에 위치한 많은 돼지국밥 가게들 중에서도 추천할 만한 맛과 서비스를 갖춘 가게.

처음 가게에 앉자 내어주는 육수부터 맛이 좋은데 돼지국밥 역시 국물부터 매우 진하게 우려내어 농도 짙은 색과 함께 묵직한 맛이 일품이며 적당히 썰어 넣은 고기도 맛을 배가 시켜주어 제대로 돼지국밥을 먹는 기분이 들게 해주었다.
셀프 코너에 준비된 소면을 원하는 만큼 넣어",5,"입소문이 너무 났습니다.
외국인들이 더 많아요...
10년째 단골입니다.
부산 해운대오면 꼭 먹습니다.
돼지국밥 직접 경험해 보세여",2025-08-23T16:52:06.840984
마가 만두,051-468-4059,월요일: 오전 11:00 ~ 오후 9:00; 화요일: 오전 11:00 ~ 오후 9:00; 수요일: 오전 11:00 ~ 오후 9:00; 목요일: 오전 11:00 ~ 오후 9:00; 금요일: 오전 11:00 ~ 오후 9:00; 토요일: 오전 11:00 ~ 오후 9:00; 일요일: 오전 11:00 ~ 오후 9:00,4.1,1358,대한민국 부산광역시 동구 대영로243번길 56,8Q7F427Q+QC,35.114485,129.0385208,4,"📍마가만두 | 부산역 맛집

부산 여행 시작하면 부산역에 내려서 가장 먼저 방문하는 차이나타운에 위치하고 있는 마가만두!

이날은 두명이서 방문한 날이라 간단히 찐만두 와 군만두를 하나씩 주문했습니다. 원래는 마파두부도 주문 하는데 이날은 두 명이라 간단하게 만두 하나씩 주문했습니다. 역시나 오랜만에 먹어도 너무 맛있는 말감 만두 육즙이 줄줄줄 흐르는 맛있",3,"일단 술을 팔지만 술 마시면서 요리를 먹을 수 있는 분위기 아닙니다. 빨리 먹고 나가줘야 하는 분위기.. 만두 맛있으나 양에 비해 비싼편...
탕수육 그냥 일반 맛... 양이 적네요
짬뽕.. 불맛 나는데 많이 달달한 편이예요~
오이무침을 정말 좋아하는데 좀 싱거워요. 만두는 하얼빈쪽에 살 때 먹었던 그 맛인데... 전체적으로 비싸게 느껴지고 두번가진 않을 ",5,"○ 군만두 , 압권은 '찐만두'였다

며칠 전 점심 때 찾아간, 부산역 건너편 차이나타운에 있는 . 부산 토박이 형의 원픽 만둣집이다. 화상이 운영하는 중국집인데, 만두로 유명해서 어느 테이블을 봐도 다 만두를 먹고 있다. 바로 옆이 전국적으로 소문난 인데, “신발원 만두가 뭐 맛있노? 모르는 사람들이나 먹는 거지“ 란다.

사장님 이름은 마위홍. SBS ",4,부산역 앞에 있어 쉽게 들를 수 있습니다. 차이나 타운 내에 있어 일단 분위기로 먹고 들어갑니다. 두툼한 만두피가 싫다면 이집은 별로 일수도 있어요. 저는 좋아하는 편이라 매우 만족했습니다.,4,"원래는 신발원 만두를 머그러 가려다가
사람이 많아서 두번째 후보지 마가만두를
먹으러갔네요. 브레이크 타임에 걸릴뻔했지만 아슬아슬하게 들어가서 먹게되었어요ㅎㅎ
군만두랑 찐만두를 먹었는데 와..
육즙 폭팔에;;  크기도 상당히 크고
근래에 먹던 만두중에 젤 맛있게 먹은🤤",2025-08-23T16:52:07.127283
원조 18번 완당,051-256-3391,월요일: 휴무일; 화요일: 오전 10:30 ~ 오후 7:30; 수요일: 오전 10:30 ~ 오후 7:30; 목요일: 오전 10:30 ~ 오후 7:30; 금요일: 오전 10:30 ~ 오후 7:30; 토요일: 오전 10:30 ~ 오후 7:30; 일요일: 오전 10:30 ~ 오후 7:30,4.2,1347,대한민국 부산광역시 서구 구덕로238번길 6,8Q7F424C+76,35.1057098,129.0205229,4,"부산 최초의 완당 가게입니다.
주말 오픈시간에 갔는데요. 얼마되지 않아 만석이 됩니다. 여러 번 방문했는데 개인적으로 완당은 너무 슴슴한 맛이라 저는 우동, 발국수를 주문하는 편입니다.
발국수와 김초밥은하프사이즈로 주문 가능합니다.
김초밥, 유부초밥도 같이 곁들이면 배가 든든해집니다.
전용주차장이 있지만 넓지 않아서 주차는 조금 힘들 수 있어요.",5,"완당면과 발국수 주문. 둘 다 맛있었어요.
완당소는 닭, 돼지고기로 만든다는데 잡내나 뭐 그런거 전혀 없이 쪼그만게 부드럽고 잘 넘어갑니다. 멸치육수도 군더더기 없이 담백하고 속도 편안해서 좋았어요. 발국수 면은 미끈한 메밀면에 쯔유도 짜지 않고 슴슴해서 저는 좋았습니다.
2층에서 먹었는데 주문 받으시고 서빙해 주시는 할머님이 친절하셔서 더 만족스러운 식사",3,"모밀을 쌓아서 주는게 아니라
큰 그릇에 담아주며
면 색깔이 진하고
윤기가 있는게 특징

찍어먹는 국물을
밥그릇에 주는데
다른 모밀전문점보다
덜자극적이고 은은한 느낌

개인적으로는
중앙모밀 스타일을 좋아해서
약간은 호불호가 있을수도

김밥과 유부초밥은
간이 적당한 밥이 좋음

발국수나 김밥 유부초밥도
반사이즈를 주문할수 있어서
편리함",5,"항상 여기다.
여행지 식사로 방문했어요.
분위기도 너무 친근하고 전체적으로
포근한 느낌을 받았어요.",5,"나에게 있어 부산 최고의 맛집

단순하지만 간결한 맛
맛에 군더더기 하나 없다

할머니들의 친절한 서비스도 기분이 좋다

24년을 동안 부산 여행 단골집으로
단 한 번도 실망한 적이 없다

추천 메뉴는 당연히 발국수다

일행이 처음 우동을 시켰는데 면이 너무 무르다
국물맛은 훌륭했지만 젊은 사람에게는 맞지 않는 식감이다
부산 종각집도 비슷한 우동 식감이다
",2025-08-23T16:52:07.396763
술고당,051-244-2607,"월요일: 오전 10:00 ~ 오후 3:00, 오후 4:00~8:00; 화요일: 오전 10:00 ~ 오후 3:00, 오후 4:00~8:00; 수요일: 오전 10:00 ~ 오후 3:00, 오후 4:00~8:00; 목요일: 오전 10:00 ~ 오후 3:00, 오후 4:00~8:00; 금요일: 오전 10:00 ~ 오후 3:00, 오후 4:00~8:00; 토요일: 오전 10:00 ~ 오후 3:00, 오후 4:00~8:00; 일요일: 오전 10:00 ~ 오후 3:00, 오후 4:00~8:00",4.8,1336,대한민국 부산광역시 중구 중구로24번길 11-1 2층,8Q7F422H+3M,35.1001777,129.0291342,5,"직원분들도 너무 친절하시고, 밥도 너무 맛있었습니다!
인근 한식집을 찾던 중 알게되었는데 완전 한식 코스라 좋았어요❤️",5,지나가다가 첨 와봤는데 너무맛있고 깔끔하고 가게도이뻐요 외국인들도많네요. 전골두루치기 맛좋아요,5,"직원분들도 착하시고 음식도 너무 맛있어요~~!!
두루치기 꼭먹으세요 두번드세요~",5,부산 남포동에서 제대로된 한식을 맛 보고 싶으면 강력추천 할께요 ~!! 좋은 국내산 재료만 쓰시고  음식 본연의 맛을 최대한 끌어내 만든 맛이에요. 정말 자극 적이지 않고 맛있으니 꼭 방문 해보세요 ~!! 매장도 청결하고 직원분들도 친절하셔서 좋았습니다😁,5,"남포동 살면서 이야기만 듣다가 처음 가봤는데 한식 제대로 경험하고 싶다면 꼭 가봐야 할 집인 것 같아요!
가격대비 푸짐하고 식재료도 국내산! 간도 쌔지 않고 맛있어요 :) 그리고 좌석이 넓직해서 편하게 식사했어요!

I've only heard about it while living in Nampo-dong, and it's the first time I'",2025-08-23T16:52:07.681085
설야멱 서면직영점,010-2989-7955,월요일: 오후 4:00 ~ 오전 12:30; 화요일: 오후 4:00 ~ 오전 12:30; 수요일: 오후 4:00 ~ 오전 12:30; 목요일: 오후 4:00 ~ 오전 12:30; 금요일: 오후 4:00 ~ 오전 12:30; 토요일: 오전 11:30 ~ 오전 12:30; 일요일: 오전 11:30 ~ 오전 12:30,5.0,1332,대한민국 부산광역시 부산진구 서전로 27 2층,8Q7F5357+54,35.1579594,129.0627811,5,"미나리 항정 궁금해서 와봤는데,
직접 구워 주시고 기본 순두부찌개 고기 큼직하게 들어있고 깊은맛으로 맛있네요
입안 가득 쫀득한 항정살이 꽉차고 미나리향이 확 올라오니 진짜 너무 맛있어요!
바질도 같이 구워줘서 특이했어요
바질 구이 처음인데 고기랑 곁들이니 향긋하니 괜찮네요~~
토요일 2시반쯤 왔는데 웨이팅 없이 잘 먹고 갑니다 매장 안 시원해요^^",5,분위기도 맛도 사로 잡은 곳이네요 :) 저는 음식 중에 향과 식감이 제일 중요한데 특히나 이곳은 향을 느낄 수 있어서 좋네요 바질과 미나리 향이 육즙가득 고기와 너무 잘어울리는 것 같습니다. 생맥도 한잔 빠질 수 없죠!!,5,"육회김밥이랑 볶음밥 고기 다 너무 맛있어요!!
특히 볶음밥이 너무 맛있었어요! 비주얼도 귀엽고 밥도 너무너무 최고였습니당",5,웨이팅이 상당히.. 길어서 미리미리 하시고 여유시간 잡아가셔야 해요!!! 다음에는 미리 예약하고 또 방문 할게요 ㅠㅠㅜ🥺,5,"분위기에 한번 반하고 맛에 한번 더 반합니다!
고기도 정말 맛있게 구워주셔서 참 맛있게 먹고 갑니다!
부산 오면 꼭 방문해야 하는 곳입니다!!!",2025-08-23T16:52:07.958160
융캉찌에,,월요일: 오전 11:00 ~ 오후 9:30; 화요일: 오전 11:00 ~ 오후 9:30; 수요일: 오전 11:00 ~ 오후 9:30; 목요일: 오전 11:00 ~ 오후 9:30; 금요일: 오전 11:00 ~ 오후 9:30; 토요일: 오전 11:00 ~ 오후 9:30; 일요일: 오전 11:00 ~ 오후 9:30,4.9,1289,대한민국 부산광역시 수영구 광안해변로277번길 10,8Q7F544F+HM,35.1563985,129.1242422,5,우육탕면이랑 가지튀김 시켰어요! 전부터 와보고싶었던곳인데 먹어보니 기다려서도 먹을만한거같습니다. 가지튀김은 바삭하고 소스랑도 잘어울리고 우육탕면은 고기엄청 푹익어서 맛있었어요 국물도 짜지않는데 간도 잘맞고 다음에 또오고싶어요 광안리오시면 먹어보는거 추천입니다,3,"대만요리 전문으로 하는 집
광안역 3번 출구에서 도보 19분 거리에 위치.
우육탕면은 10,500원, 탄탄면 9,500원,
돼지고기 덮밥은 13,000원, 가지튀김은 6,500원.

모든 게 새로운 맛~
서울에서 먹었던 맛과는 많이 다르다.
지금까지 먹어본 우육탕면은 국물이 흐리멍텅했는데,
이건 마치 한약 먹는 느낌이랄까?
우육탕면을 즐겨 먹는 편은 아니지",5,한국인의 입맛에 딱 맞춘 모든 메뉴들. 언제와도 맛있습니다. 이 가게에서 탄탄면 처음 먹는데 맛있네요. 다 먹고 소스 남으면 밥도 무료로 한번 준다니까 드셔보시길 추천드립니다.,5,"지나가다가 늘 궁금했는데 드디어 와봤어요! 애매한 시간에 와서 그런지 웨이팅 없이 바로 먹었어요.
우육탕면 깔끔하고 맛있어요! 마라곱창탕면에 곱창 진~~짜 많이 들어있어요..! 가지튀김은 입에서 사르르르 녹는답니다.
다음에 또 먹으러 와야겠어요💓",5,"와보고 싶었는데 드디어...
우육탕면 국물이 진짜 맛있어요 국물 흡입
면은 갠적으로 좋아하는 식감인데 이게 칼국수면이면 김치랑 디게 잘 어울리는데 우육탕면이랑은 면만 먹으니까 약간 심심하고 밀가루 냄새나는듯 했어요 짜챠이라도 구비해놓으시면 좋을듯 해요
중화냉면은 다른집 가서도 먹을 수 있는 평범한 땅콩+겨자소스 맛이라서 굳이 추천하진 않아요
가지튀김은 느끼",2025-08-23T16:52:08.231543
언양불고기 부산집,051-754-1004,월요일: 오전 11:00 ~ 오후 10:00; 화요일: 오전 11:00 ~ 오후 10:00; 수요일: 오전 11:00 ~ 오후 10:00; 목요일: 오전 11:00 ~ 오후 10:00; 금요일: 오전 11:00 ~ 오후 10:00; 토요일: 오전 11:00 ~ 오후 10:00; 일요일: 오전 11:00 ~ 오후 10:00,4.0,1273,대한민국 부산광역시 수영구 남천바다로 32,8Q7F44X7+5C,35.1478851,129.1135701,5,불고기 넘 맛있네요 촉촉하고 ㅎㅎ 반찬도 잘 나오고 직접 농사지은 야채라 신선해요!! 김치찌개도 꼭 드세요 추천!!,5,"다른집보다 간이 달지않고 짜지도ㅠ않아서
편하게 먹을 수 있어요",2,"지인에게 강력추천받아 부산 가자마자 먹었습니다. 이게 왠걸? 맛이 너무 슴슴한 나머지 맛이 안나는겁니다... 경기권에 살아서 그런가, 슴슴한 맛이 참 맞지 않더라구요.. 가격도 비싸서 참 불만족스러웠습니다. 공기밥도 3분의2정도만 차있구요. 이모님께 물  좀 부탁드렸는데 안주셔서, 다른 이모님께 또 부탁드렸는데 그 이모님도 안주셨습니다.. 세번째에 받아냈구",5,"정말 맛있고 친절한 언양불고기 부산집.
이 부근에 많고 많은 언양불고기 식당들이 있지만 그 시작은 여기 이집입니다.",4,복잡한 광안리에서 주차가 편해 좋았어요. 아이가 먹고 싶어해서 육사시미도 주문해봤는데 정말 맛있게 먹어서 서빙해주시는 이모가 놀라워했어요. 맛있게 먹고 광안리도 여유롭게 산책하고.. 기분 좋은 저녁이였어요.,2025-08-23T16:52:08.520562
고베규카츠 서면점,051-802-5565,월요일: 오후 12:00~9:00; 화요일: 오후 12:00~9:00; 수요일: 오후 12:00~9:00; 목요일: 오후 12:00~9:00; 금요일: 오후 12:00~9:00; 토요일: 오후 12:00~9:00; 일요일: 오후 12:00~9:00,4.8,1035,대한민국 부산광역시 부산진구 중앙대로680번가길 29 2 층,8Q7F5336+V7,35.1547074,129.0606534,5,서면에 규카츠 가게 정말 많은데 손에 꼽게 맛있습니다~~ 고기 질이 정말 좋고 고소합니다. 데이트 하기도 좋고 사이드도 다 맛있어용 완전 추천합니닷 !!!,5,"두 번째 방문인데 요번에도 만족하고 갑니다! 고기도 부드럽고, 직접 구워 먹는 재미도 있어서 맛있게 잘 먹었어요. 가게 분위기도 깔끔하고 조용해서 친구랑 편하게 밥 먹을 수 있어요 😻❤",5,"데이트하기에도 좋구 점심으로 먹기에도 딱 좋은 것 같아요!!특히 규카츠 진쨔 맛있는데 입에서 살살녹고 겉에도 진심 바삭합니다ㅜㅠ
개인적으로 우동/볶음면 진짜 맛있으니 이것도 같이 시켜서 꼭 드세요!!!",5,제가 부산에 온지 5년차인데 규카츠는 여기로만 옵니다! 고기 상태도 너무좋고 직원분들이 너무 착하시고 음식맛 분위기 가격까지 한번에 잡은곳 입니다!  커플들끼리 데이트를 하거나 소중한시간을 보내시고 싶은분들은 여기를 추천하고 싶습니다!부산 서면 오시면 여기 한번 방문해보시는것도 괜찮을거 같습니다!(제 개인적인 생각 입니다!),5,정말 맛있었어요 규카츠가 육즙이 가득하고 부드러워서 입안에서 살살 녹아요 깔끔하고 세련된 분위기와 친절한 서비스 덕분에 식사 내내 기분이 좋았어요 꼭 다시 방문하고 싶어요,2025-08-23T16:52:08.796916
갈비가맛있다,051-744-3998,월요일: 오전 10:00 ~ 오전 7:00; 화요일: 오전 10:00 ~ 오전 7:00; 수요일: 오전 10:00 ~ 오전 7:00; 목요일: 오전 10:00 ~ 오전 7:00; 금요일: 오전 10:00 ~ 오전 7:00; 토요일: 오전 10:00 ~ 오전 7:00; 일요일: 오전 10:00 ~ 오전 6:00,4.4,945,대한민국 부산광역시 해운대구 구남로 17-2,8Q7F5566+X3,35.1623978,129.1601647,3,"위치 해리단길. 찾기 쉬워요. 고기구워주는
서비스가 굿! 땀흘리며 구울 필요 ㄴㄴ
세트 구성은 좋은데, 갈비가 맛없어요!
양념이 전혀 베이지가 않고, 싱겁다는..
전체적으로 반찬도 양념이 맛없어요.
양념 아끼지 마시길.. 이맛도 저맛도 아닌..
된찌도 별로였고 계란찜만 먹을만..
위치가 좋아 외국인 손님이 많았지만,
맛없는집.",5,"몇년전에 왔다가 재방문 했습니다
구워주시고 친절합니다
3층까지 있고 야외석도 있어요
갈비 달달하고 야들야들해서 맛있어요!!

기본반찬은
백김치 파채 양배추샐러드 장아찌 양파장 와사비 빨간소스 쌈장 마늘 상추깻잎 나옵니다",5,갈비가 정말 맛있어요. 고기 주문하면 직접 빠르게 구워줍니다. 직원들도 친절하고 음식도 맛있어요. 2층에 앉으면 해운대앞 거리가 보여서 관광온 기분이 납니다~,5,"구워줘서 편하게 먹을 수 있다
고기와 소주 같이 먹었다
부산이라서 대선 소주 먹었다
매장이 넓어서 많이 안기다리고 먹을 수 있었다
배부르게 먹었다
관광객들에게 한국음식을 좀 더 맛있게 알렸으면ㅠ.
리뷰이벤트로 콜라 받았다",5,고기를 다 구워주시느 편리해요. 사이드 메뉴들도 전부다 맛있고 계란찜도 양이 엄청 많네요! 푸짐해서 좋아요. 잘먹고 갑니다~^^,2025-08-23T16:52:09.069180
할매집 돼지국밥 해운대본점,051-741-1184,월요일: 오전 9:00 ~ 오후 9:00; 화요일: 오전 9:00 ~ 오후 9:00; 수요일: 오전 9:00 ~ 오후 9:00; 목요일: 오전 9:00 ~ 오후 9:00; 금요일: 오전 9:00 ~ 오후 9:00; 토요일: 오전 9:00 ~ 오후 9:00; 일요일: 오전 9:00 ~ 오후 9:00,4.2,945,대한민국 부산광역시 해운대구 중동2로10번길 7,8Q7F5578+62,35.16307,129.1650109,5,"식당자체가 엄청 넓고, 스탭분들이 모두 프로시라 식사하는데 어려움없이 편안하게 식사했어요.
할매탕에서 목욕하고 바로 와서 국밥에 소주한잔 하기 딱 좋음!!!
파삼겹철판구이 있어서 이번엔 그거 주문하고, 아이들은 국밥 먹었는데, 삼겹철판구이 완전 가성비짱! 2인이상 주문가능해서 2인분 주문하고 볶음밥도 만들어먹었어요!
아이들은 항정살국밥 한그릇 주문해서 2명",5,"할매집 또 방문했어요!
항정국밥 좋아하는데 너무 맛있어요! 국물 진하고 깔끔해서 만족스럽고 쫄깃한 항정살이 푸짐해서 완전 좋았어요
할매집 항정국밥이랑 파삼겹은 꼭 시켜야하는 메뉴!!",5,"돼지국밥집이지만 대패삼겹살도 맛있는곳. 돼지국밥집이지만 인테리어마저 깔끔하고 쾌적한 공간. 주차도 넉넉한 할매집이랍니다.
철판삼겹 먹고 볶음밥도 가능. 미역국 국물 제공해주시네요",5,엄마랑 해운대에 볼일있어서 갔다가 이른 저녁식사를 하기로해서 해운대할매집 방문했어요ㅎㅎ 국밥 먹을까 하다가 파삼겹철판볶음이 너무 맛있어보여서 시켰는데 와 이거 양념 장난아닙니다~ 맛없을 수 없는 메뉴인데다 양념도 맛있고 밥까지 볶아먹으면👍🏻 가성비도 좋고 종종 생각날 듯 하네요! 든든하게 잘 먹고 갑니다~~,5,"해운대 할매집 돼지국밥 본점에 다녀왔어요. 진한 사골 육수에 부드러운 돼지고기가 푸짐하게 들어 있어 한 그릇 먹고 나니 속이 든든하더라고요. 간도 딱 맞고, 새우젓이나 양념장을 넣어 먹으니 또 다른 맛이 나서 좋았어요. 김치랑 깍두기도 맛있어서 곁들여 먹기 좋았고요. 식당도 깔끔하고 직원분들도 친절해서 기분 좋게 식사할 수 있었어요. 해운대 또다시 놀러 간",2025-08-23T16:52:09.355325
톤쇼우 광안점,010-5835-7978,월요일: 오전 11:00 ~ 오후 9:30; 화요일: 오전 11:00 ~ 오후 9:30; 수요일: 오전 11:00 ~ 오후 9:30; 목요일: 오전 11:00 ~ 오후 9:30; 금요일: 오전 11:00 ~ 오후 9:30; 토요일: 오전 11:00 ~ 오후 9:30; 일요일: 오전 11:00 ~ 오후 9:30,4.6,866,대한민국 부산광역시 수영구 광안해변로279번길 13,8Q7F544F+HW,35.1564409,129.1248005,5,"오랜만에 한국을 방문하면서 고향인 부산에도 들르게 되었는데, 부산에서 꽤 유명한 돈카츠집이라는 이야기를 듣고 일부러 찾아가봤습니다.
제가 독일에 거주 중이라 한국 휴대폰 번호가 없어 예약 앱(캐치테이블 등)을 사용할 수 없었는데, 일단 못 먹을 각오를 하고 무작정 가봤습니다. 다행히 현장에서는 예약 기계에 이메일 주소를 입력하니, 대기 등록이 가능했습니다.",5,"오전 10시 온라인 줄서기 바로 들어갔음에도 320번대였고 밤 9시에 입장 하였습니다. 줄서서 기다린 것은 아니지만 악명높은 웨이팅을 경험했어요.
이것저것 먹고 배부른 상태에서도 맛있게 먹었습니다. 하지만 이런 맛을 내는 돈까스 집이 톤 쇼유가 유일한 곳은 아니기에^^ 못드시게 되더라도 너무 아쉬워할 정도는 아니에요~ 웨이팅이 좀 잠잠해지면 재방문 의사 있",4,돈까스 별로 좋아하는편은 아닌데 하도 유명하대서 너무 궁금해서 방문해봤습니다! 예약은 캐치테이블로 했고 평일은 10시 딱 맞춰서 바로 하면 100번 가까히 가능해요 근데 미루기가 진짜 눈치싸움이..휴…그래도 기다리는거 자체는 그냥 할거하다 가면 돼서 힘들지 않고 부산 사시면 그냥 아침에 예약하고 시간 맞춰가시면 돼요 아주 편함👍 예약 꿀팁드리자면 버크셔k ,5,"부산 돈카츠 통, 전국 10대 돈까스.
버크셔 특로스로 드세요. 후회 없습니다.
숯불향이 느끼한 맛 잡아줘서 맛있습니다.
고기가 아주 쫄깃해요.",5,"어플로 미리 웨이팅 예약해야 갈 수 있습니다. (현장방문 불가)
사람들이 왜 인생돈까스라 하는지 알 수 있습니다. 진짜 맛있습니다. 수도권 제외 돈까스 1등집.
웨이팅하기 어려운건 아쉽습니다.
버크셔 로스카츠는 꼭 드셔보시고 새우튀김하고 카레도 반드시 추가해서 드세용.",2025-08-23T16:52:09.644041
삼오정,051-808-3533,"월요일: 오전 11:00 ~ 오후 3:00, 오후 4:30~9:00; 화요일: 오전 11:00 ~ 오후 3:00, 오후 4:30~9:00; 수요일: 오전 11:00 ~ 오후 3:00, 오후 4:30~9:00; 목요일: 오전 11:00 ~ 오후 3:00, 오후 4:30~9:00; 금요일: 오전 11:00 ~ 오후 3:00, 오후 4:30~9:00; 토요일: 오전 11:00 ~ 오후 3:00, 오후 4:30~9:00; 일요일: 오전 11:00 ~ 오후 3:00, 오후 4:30~9:00",4.4,862,대한민국 부산광역시 부산진구 서면로68번길 11,8Q7F5345+J9,35.1565813,129.0584166,5,"좋아하는 동생이 몸이 허해보여
몸보신하러와서 잘먹고 갑니다
부산의중심 서면에 자리잡은지
오랜된 믿고먹는 삼오정",4,"삼계탕 먹으로 갔다가 삼계탕도 좋아지만
사이드로 시킨 비빔밥이 넘사벽",4,"간이 세지 않은 나에게는 딱 맞는 음식점이었다.
건강한 맛을 추구한다는 느낌이었고, 반찬이나 메인 메뉴 모두가 정성스럽다는 느낌이었다. 가족단위 외식이나 모임에서 자주 방문해야 할 것 같은 느낌이었지만 친구나 연인과 삼계탕이나 전골 한 그릇 해도 좋을 것 같다. 혹시 간이 세거나 자극적인 맛을 좋아하는 분들이라면 입맛에 맛지 않을 수도 있을 것 같다. 단점",4,"괜찮은 레스토랑분위기에서 한식과 괜찮은 서비스를 볼수있는곳.

허나 명성과 가격에 비해 갈비탕과 불고기 전골의맛은...이상은아니었음.

삼계탕전문이라니 안먹어봤기에.이부분은 패스.

5점 : 굳이 찾아가서 볼만한곳
4점 : 이왕 근처에 있다면 가볼만한 곳
3점 : 갈데가 굳이 없다면 갈만한 곳
2점 : 아주 허기져서야 갈만한 곳
1점 : 절대 재방문 안함",1,"실내가 마치 레스토랑같았다.
클래식과 재즈 음악이 흐르는 가운데 갈비탕을 기다렸다.
신기하다.
클래식과 재즈가 마치 사람들로 하여금
“조용히 식사하세요” 라고 들리는 것 같았다.
사실, 갈비탕을 이처럼 조용한 분위기에서 먹어 보기 처음이다.
웃음이 빵 터졌다;;;

갈비탕에 재대로 된 갈비는 1대. 나머지 3대는 마구로뼈.
50년이상 전통을 자랑한다며, 마",2025-08-23T16:52:10.009647
해운대 맛집 쇼미더고기 고기집 | Haeundae Korean bbq restaurant | 海雲臺 烤肉店 | ヘウンデ 焼肉屋,050-71422-5366,월요일: 오후 3:00 ~ 오전 12:00; 화요일: 오후 3:00 ~ 오전 12:00; 수요일: 오후 3:00 ~ 오전 12:00; 목요일: 오후 3:00 ~ 오전 12:00; 금요일: 오후 3:00 ~ 오전 12:00; 토요일: 오후 3:00 ~ 오전 12:00; 일요일: 오후 3:00 ~ 오전 12:00,4.9,742,대한민국 부산광역시 해운대구 중동1로17번길 11,8Q7F5576+GQ,35.1638654,129.1619181,5,해운대에서 먹어본 고깃집 중에 손꼽히게 좋았어요! 고기도 되게 신선하고 직원분들이 직접 구워주셔서 편하게 먹을 수 있었습니당 반찬도 금방금방 리필해주시고 사장님도 너무 친절하게 맞아주셔서 좋았네용 해운대 오시면 꼭 한 번 들러보시길 추천드려요,5,정겨운느낌에셋트로먹으면고기종류별로먹을수있어가성비좋아요!이런데고기도구워주니더더욱플러스!!소스도4가지직접만든소금과.갈릭소스.집된장.콩가루도찍어먹는재미가있어요.고기도초벌해서나오고불쇼도감상가능ㅎㅎ기본으로주는김치전도딱제스타일이에요.숨은맛집인정👍👍👍,2,계란찜 주문하고 나오는데 40분 걸립니다. 모든. 주문이 20분넘게 딜레이 됩니다. 고기 맛도 보통입니다. 왜 평점이 이렇게 높은지 이해가 안됩니다.,5,서울에서 부산 놀러왔다가 ! 친구랑 방문했어요. 쇼미더고기 지인한테 추천받고 왔습니다. 고기가 너무 부드럽고 육즙도 팡팡입니다. 고기의 느끼함을 잡아주는 꽃게 된장찌개도 칼칼해서 너무 잘 먹었습니다 :),5,"너무 친절하셔서 기분 좋게 식사했어요~~~ 가성비짱짱 뒷고기 땡기면 꼭 방문해보세요
착한가격에 배터지게먹었어요",2025-08-23T16:52:10.397304
평산옥,051-468-6255,월요일: 오전 10:00 ~ 오후 8:00; 화요일: 오전 10:00 ~ 오후 8:00; 수요일: 오전 10:00 ~ 오후 8:00; 목요일: 오전 10:00 ~ 오후 8:00; 금요일: 오전 10:00 ~ 오후 8:00; 토요일: 오전 10:00 ~ 오후 8:00; 일요일: 휴무일,4.1,693,대한민국 부산광역시 동구 초량중로 26,8Q7F427P+PR,35.1143238,129.0370923,4,"평산옥은 부산역1번 출구에서 도보 5분거리에 위치한 100년 전통의  돼지고기수육전문점으로 부산에서는 많이 알려진 곳입니다. 운영시간은 10:00 ~ 20:00 까지이며, 일요일은 휴무이니 참고하세요. 메뉴로는 단품으로 수육 10,000원뿐이며, 수육을 먹고 따뜻한 국수(3,000원), 나 시원한 열무국수(4,000원)를 드시면 됩니다. 매장규모는 아담한 ",5,서울에서 KTX타고 아침에 도착해서 좀 거닐다가 오픈시간인 10시쯤 맞춰서 방문하면 딱 좋은 곳 #가성비굿 국수와 열무국수 그리고 #맛없없 수육까지 환상의 조합 국수 1개 열무국수 1개 수육 2개해도 2만7천원밖에 안하는 맛집 술이 땡겼지만 저녁을 위해 눈물을 머금고 참았습니다 ㅋㅋ 재방문 의사 있습니다 ㅋㅋ,4,"박정희 대통령이 왔었다는데..
분위기는 40년전 부산 느낌이에요
가격은 저렴해요
그런데 음식 퀄리티는 맛집이라고 하기 어렵고 그냥 그래요.
.
줄 서서 먹을 수준은 아닙니다~",5,"깔끔하고 부드러운 수육의 정석
국수는 고기 삶은 육수 베이스인듯 하며 깔끔한 국물이 수육과 잘어울림

수육도 인당 10,000원으로 합리적이고 개인 접시로 제공되어 좋음

술을 먹는다면 2차 정도로 좋지만 영업시간이 20시까지 하는게 조금 아쉬울 수 있음

오래된 노포, 로컬 맛집으로 유명한 곳이고
부산역 근처에 있어 접근성도 좋음",5,"토요일 오후 7시 반 전에 갔는데 내가 마지막 손님이었다.
진심 맛있음

고기는 무조건 살코기+구워먹기파인데 여기 수육은 진짜 대박임 돼지 냄새 없고 껍질 부분도 질겅거리는 느낌 없이 먹기 가능
그리고 열무국수도 맛있고 수육과 딱임",2025-08-23T16:52:10.772079
융캉찌에 서면점,,,4.9,664,대한민국 부산광역시 부산진구 서전로9번길 60,8Q7F5366+3R,35.1601641,129.0620329,4,대만 여행에서 즐겼던 음식들이 그리워서 방문. 우육탕면과 오이무침 주문. 고수가 기본이 아니라서 따로 주문. 따끈한 우육탕면에 고수 듬뿍 넣고 국물 한 입 먹으면 대만여행의 추억이 저절로 떠오른다.,4,월요일에 오픈런을 해서 인지 웨이팅 없이 식사를 할수 있었습니다. 이곳의 아쉬움 이라고 한다면 가격대에 비해 양이 작다는것 정도 그것도 밥이 무료로 리필이 되기에 크게 아쉽지는 않았습니다. 이곳에서 우육탕이 가장 매력적이였습니다. 감칠맛 진한 국물과 부드럽게 잘 삶겨져 있는 우육은 무척 좋았습니다. 가지튀김도 맛은 있었지만 여러 다른 대만식 중식당에 비해 ,5,"이곳 정말 맛집이네요.
실내 분위기 감성터지고 요리들도 너무 맛있습니다.
우육면에 고기가 그냥 녹습니다. 국물도 좋구요
탄탄면도 도삭면이라그런지 느낌도 새롭고 땅콩소스 맛납니다
돼지고기덮밥에 고기도 숟가락으로 자르면 슥하고 잘립니다.
요리 맛있게 먹는법이 나와있는데 그대로 따라 먹으면 또 다른 매력입니다.",5,11시30분에 왔는데 이미 꽉차있네요. 우리입맛에 잘 맞는 맛입니다.돼지고기덮밥과 탄탄면 오이무침 먹었는데 맛있네요,5,"우와… 오랜만에 맛있는 식당다녀왔네요.
메인 음식들도 맛있고 사이드 메뉴도 다 만족 했습니다. 돼지고기덮밥은 동파육느낌이 었는데- 맛있었어요. 가지튀김과 오이무침도 가격도 괜찮고 맛도 매력있었습니다.
아직 대만은 안가봤지만… 대만에 다녀온 느낌! 다음에 다른 메뉴도 먹으러 또 방문하고 싶네요!
고수쟁이(?)인데 1천원 고수도 많이 주셔서 좋아요!",2025-08-23T16:52:11.132116
스무고개,010-3590-5006,"월요일: 오전 11:30 ~ 오후 3:00, 오후 5:00~9:30; 화요일: 오전 11:30 ~ 오후 3:00, 오후 5:00~9:30; 수요일: 오전 11:30 ~ 오후 3:00, 오후 5:00~9:30; 목요일: 오전 11:30 ~ 오후 3:00, 오후 5:00~9:30; 금요일: 오전 11:30 ~ 오후 3:00, 오후 5:00~9:30; 토요일: 오전 11:30 ~ 오후 9:30; 일요일: 오전 11:30 ~ 오후 9:30",4.8,659,"대한민국 부산광역시 해운대구 좌동순환로468번가길 81 1층,2층",8Q7F557G+V2,35.1646492,129.1751047,5,오랜만에 만난 친구와 식사하러 왔는데 분위기도 정말 좋고 셰프님게서 친절하게 설명해주셔서 더 맛있게 식사할 수 있었어요 다음에는 부모님 모시고 와도 좋을 것 같아요,5,"레스토랑에 들어서자마자 고급스러우면서도 아늑한 분위기가 확 느껴졌어요. 특히, 셰프가 직접 각 부위를 하나하나 소개해 주면서 어떻게 먹으면 가장 맛있는지까지 설명해 줘서 더 특별한 경험이 됐어요.

코스는 가벼운 전채 요리로 시작했는데, 이후로 다양한 부위의 한우를 맛볼 수 있도록 잘 구성돼 있었어요. 각각 최적의 상태로 구워져 나와서 부드럽게 녹아내리는 ",5,서비스 맛 설명 분위기 전부 다 너무 좋았습니다. 여자친구랑 기념일 때 와서 둘 다 기분 좋고 즐겁게 식사 즐기다가 갑니다 감사합니다! 재방문 의사 무조건!!,5,"1층은 닷지좌석 오마카세, 2층은 룸으로 되어있는 소고기집입니다. 생각보다 양도 많고 가격대비 괜찮은 음식점인듯합니다. 1, 2층 다 가봤는데 개인적으로는 오마카세 코스가 더 좋았습니다. 주차장도 넓어서 편합니다.",5,"친구랑 생일 기념으로 다녀왔어요.
너무 맛있게 잘먹었습니다.
고기질도 매우 좋았고 모든 코스 음식이 다 너무너무 맛있었어요.
요리해주시는 셰프님도 너무 친절하시고 메뉴마다 상세히 설명해주셔서 넘 좋았어요.
저번에 가족이랑 왔을때 너무 만족해서 또 왔는데 정말 실망시키지 않는 훌륭한 곳입니다^^
또 올께요. 감사히 잘먹었습니다♡
정신없이 먹느라 먹음직스런 고",2025-08-23T16:52:11.516121
돼지나무사랑걸렸네 부산서면본점,010-4050-0684,월요일: 오후 4:00 ~ 오전 12:00; 화요일: 오후 4:00 ~ 오전 12:00; 수요일: 오후 4:00 ~ 오전 12:00; 목요일: 오후 4:00 ~ 오전 12:00; 금요일: 오후 4:00 ~ 오전 12:00; 토요일: 오후 4:00 ~ 오전 12:00; 일요일: 오후 4:00 ~ 오전 12:00,5.0,641,대한민국 부산광역시 부산진구 동천로 121,8Q7F5356+RV,35.1595918,129.0621267,5,"와 여기 찐이에요
진짜 저 리뷰 잘안쓰는데 여긴 찐 맛집!!! 직원분들 서비스도 미쳤네여 부산여행중 젤 맛있고 즐거운 식사였어요 햄복합니다
부산올때마다 맨날 올래여 ㅜㅜ 서울로도 진출해주세요 밑반찬 하나하나 정성가득 완죤
밥도둑 며칠 굶은 돌쇠처럼 흡입했어여 사랑해요 돼지나무에 사랑 잔뜩걸릴만 하네요
그리고 한여름에 비도 오는데 이렇게 쾌적하게 고기를 먹을",5,"친구랑 우연히 지나가며 먹고 반해서 또 다른 친구들을 데리고 이번에 재 방문을 하게 되었어요.
양도 적당하고 무엇보다 고추장 삼걉살 양념이 진심으로 5번,10번 먹을 때마다 집가서 또 생각나는 맛이더라고요 ㅠㅠㅠ 앞으로 매일 올 거라서 쭉 ~ 오래 장사해쥬세용🩷
직원분들 한분 한분 너무 친절하시고 열심히 구워주셔서 더더 맛도리 입니다~_^
* 참고로 웨이팅",5,일단 통갈매기살이랑 껍데기 유부말이 김치말이국수 시켰고 갈매기살 씹는맛 좋고 맛있었습니다. 껍데기도 다른집이랑 다르게 쫀쫀하고 맛좋았습니다. 유부말이김밥도 부드럽게 잘 먹었고. 반찬 빈거 생기면 직원분들이 보시고 알아서 갖다주셔서 잘 먹었습니다. 또올게요,5,갈매기살은 쫄깃하고 육즙이 많이 나와서 맛있었고 고추장삼겹살은 짭조름한데 숯불향이 많이나서 너무 맛있었습니다. 볶음밥도 맬젓향이 적당히나서 맛있고 들기름 막국수가 향긋해서 좋았습니다 :),5,"진짜 너무너무 맛있어요 !!!!
못찍은 된장찌개 김치말이 국수도 너무 맛있고
껍데기도 너무 맛있었어요
그리고 직원분들 너무너무 친절하셔서
기분좋게 맛있게 잘 먹었습니다 완전 추천 👍🏻👍🏻",2025-08-23T16:52:11.876770
남포설렁탕,051-255-2263,월요일: 24시간 영업; 화요일: 24시간 영업; 수요일: 24시간 영업; 목요일: 24시간 영업; 금요일: 24시간 영업; 토요일: 24시간 영업; 일요일: 24시간 영업,4.2,619,대한민국 부산광역시 중구 구덕로34번길 5,8Q7F32XJ+9R,35.0984667,129.0320586,4,"남포설렁탕 사하직영점
인근 병원을 이용하다 눈여겨 보아 방문하거 된 곳으로 소식가 동행은 설렁탕 보통으로 저는 특으로 주문하였으며 깍두기나 김치가 부족할 경우 셀프바를 자유롭게 이용할수 있으니 좋다.
특 이라서 설렁탕 속의 고기가 많아 좋으며 테이블 놓여진 자체소스와 함께하니 좋다
전반적으로 만족하나 육수의 진한 맛이 조금은 아쉬울 뿐이다",2,"얼마전만해도 설렁탕이 8천원이었는데....ㅎㅎㅎ이제 9천원입니다. 요즘(2023년) 이정도 가격 아니면 밥 못먹지요. 네, 외식가격이 많이 올랐다는건 저도 잘 알지요.
그런데 여기 남포 설렁탕은 이런곳(?)이 아니었거든요. 그나마 남포동 시내 한복판에서 유일하게 저렴한 값으로 한끼를 채울수 있는곳이었습니다. 다른 가게들보다 2~3천원 정도 가격이 저렴한 곳",5,"가성비 최고의 설렁탕집입니다  김치 깍두기도 평균이상은 됩니다
특히 설렁탕과 맑은양지탕이 양도 많고 맛도 좋고 퀄리티도 좋아요
가격대비 아주 훌륭한 곳이었어요",5,"1. 자체 주차장은 없음
2. 설렁탕 국물이 가볍고 깔끔해서 해장하기에 좋음.  가격도 부담없음
3. 깍두기가 새콤한게 맛있이며, 추가 반찬은 샐프임",5,"늦은 저녁시간에 방문하였습니다
김치, 깍뚜기 등 밑반찬도 맛있었습니다
설렁탕 국물도 맛있었어요

다만 고기는 양이 다소 적은듯하여 살짝 아쉬웠어요",2025-08-23T16:52:12.261133
의령식당,051-746-9661,월요일: 오전 8:30 ~ 오후 6:00; 화요일: 오전 8:30 ~ 오후 6:00; 수요일: 오전 8:30 ~ 오후 6:00; 목요일: 오전 8:30 ~ 오후 6:00; 금요일: 오전 8:30 ~ 오후 6:00; 토요일: 오전 8:30 ~ 오후 6:00; 일요일: 휴무일,4.5,521,대한민국 부산광역시 해운대구 우동1로50번길 15,8Q7F5585+H8,35.166423,129.1583027,5,"부산해운대의 숨은 맛집이네요..
동네 노포식당 느낌이에요.
가격도 저렴하고 잡내 없이 국물 깔끔하고 맛있어요..",5,옛날 노포식당 느낌입니다. 평일 점심 웨이팅은 없습니다.  맑은 국물의 돼지국밥입니다. 가성비는 좋으나 요즘 맛있는 국밥집의 퀄리티를 따라가기는 힘든 것 같습티다.,4,"노포 돼지국밤, 특별한 화려함은 없지만 1세대 돼지국밥의 향수를 느낄수 있는 동네 식당. 국물이 뽀얀 일반 돼지국밥과달리 맑은 스타일. 콤콤함 돼지(조금) 김치에 자주 가게 되는 곳. 양은 적진 않으나 많지도 않음",3,이집의 깔끔한 국물이 좋았는데 이번에는 국물에 기름기가 많아서 느끼했어요 저렴한 가격에도 아쉽네요 수육백반 9천원 돼지국밥 7천원,3,가성비 음식이 맛있다. 기본적으로 토렴을 해서 나오는데 막창이 먹고 싶었지만 주문을 잘못했다. 살코기가 부드럽다. 김치는 시골맛이 나는데 매장이 오래되서 그런지 전반적으로 위생에 조금 더 신경쓴다면 더 좋은 돼지국밥집이 될 것 같다. 다음에 온다면 살코기섞어따로국밥을 먹어야겠다.,2025-08-23T16:52:12.625019
고반식당 해운대점,051-731-3353,월요일: 오전 11:00 ~ 오후 11:00; 화요일: 오전 11:00 ~ 오후 11:00; 수요일: 오전 11:00 ~ 오후 11:00; 목요일: 오전 11:00 ~ 오후 11:00; 금요일: 오전 11:00 ~ 오후 11:00; 토요일: 오전 11:00 ~ 오후 11:00; 일요일: 오전 11:00 ~ 오후 11:00,4.8,510,대한민국 부산광역시 해운대구 우동 540-6,8Q7F5565+WF,35.1623697,129.1586914,5,"일단 직접 구워주셔서 너무 여유롭게 먹을수 있어요~삼겹살과 항정살이 너무 맛있어요. 곁들여 나오는 고사리랑 겉절이, 계란찜도 너무 맛있어요.제 아이는 계란찜 맛집이라며 추가주문해서 먹었어요 ㅎ ㅎ",5,"고기 자체도 잘 숙성되어 맛있는데, 먹기 좋게 구워주시니 편리하게 먹을 수 있어서 좋아요. 반찬과 소스들도 깔끔하게 차려주시구요. 주차마저도 편리해서 구남로 일대 삼겹살 찾는다면 추천합니다",5,"부산 출장때마다 빠지지 않고 오는 곳
고기도 직접 구워주시고 밑반찬 겉절이 완죤 바로 무쳐서 꿀맛 기본 계란찜은 정성 대박
대선 소주잔은 기념으로 선물해주시는 사장님 센스 짱!!  늘 맛있게 먹고 갑니다.
부산오면 무조건 와야되는 고반식당 !! 강추합니당~~♡",5,"韓国に長く住んでいますが久しぶりに
「わ！おいしい！」ってお店に出会いました！

お肉の質が最高すぎて一口食べた瞬間に感動…！
チマサルっていう首と肩のあたりの
お肉がおすすめです！

日本語が話せる店員さんがいて
サービスと食べ方もとても親切で、
釜山に来たら絶対また行きたいお店！

한국에 오랫동안 살지만,
오랜만에 와!
라는 가게를 만났습니다!

고기의 질이 너무 높아서
한입 먹은",5,"부산 방문할때마다 오는곳이에요. 맛, 서비스, 분위기 너무너무 만족하는 장소입니다. 서울권 고반식당 많이 다녔는데 단연코 부산 해운대점이 1등입니다!!!😉",2025-08-23T16:52:13.012267
류센소 본점,010-7740-3884,월요일: 오전 11:00 ~ 오후 9:00; 화요일: 오전 11:00 ~ 오후 9:00; 수요일: 오전 11:00 ~ 오후 9:00; 목요일: 오전 11:00 ~ 오후 9:00; 금요일: 오전 11:00 ~ 오후 9:00; 토요일: 오전 11:00 ~ 오후 9:00; 일요일: 오전 11:00 ~ 오후 9:00,4.6,496,대한민국 부산광역시 해운대구 구남로8번길 62,8Q7F5564+JG,35.161517,129.1563215,3,"2023-03-26 류센소

근처 서면에도 분점이 있지만
오랜만에 혼자 문화생활도 할 겸
해운대 본점으로 향했다.
아 역시나 해운대는 커플들이 많구나... 😭

돈코츠 라멘을 주문했는데 육수는 진했으나
차슈에서 비릿한 향이 올라왔다.

분명 일식 라멘일 텐데
중화요리의 향이 물씬 올라오는데 뭘까...

그리고 사이드로는 카키 후라이 (굴튀김)
알맹이는 작았",5,잇푸도라면과 비슷한 스타일인것같아요! 면도 국물도..! 맛있습니다! 그리고 무엇보다 너무 친절하고 일하시는 분들이 밝고 뭔가 챡챡 일이 진행됩니다. 일요일 저녁 여섯시에 갔는데 한 이십분대기했지만 전혀 아깝지 않습니다. 노포감성에 라멘도 좋아하지만 저녁한끼 든든히 먹은것같아요. 치킨가라아케를 정말 허접하게 파는데도 많은데 여긴 그래도 그런 싸구려 치킨가라아,5,"뽀얀국물 베이스의 돈코츠라멘은 2달전 도쿄에서 먹은 라멘맛이 기억안날정도로,, 제기준  국내 탑티어 집이예요!
아이 간장계란밥을 서비스로 주시는 키즈프렌들리한 집입니다.
분위기있는 음악이 흘러나오는 오감이 즐거웠던 집이네요.
6세도 후루룩 먹을수있는 (덜짠육수추가시) 부산맛집 최고예요!",5,일본에서 먹었던 라멘맛 그대로 인거 같습니다. 정말 맛있었고 집에서 멀지 않으니 다시 방문하겠습니다.,5,"입맛에 맞게 간을 할 수 있도록 육수를
무료로 추가해줘서 좋았다.
그릇이 작아보였는데 은근 양이 많음",2025-08-23T16:52:13.374369
태태태,051-818-7942,월요일: 오후 3:00 ~ 오전 2:00; 화요일: 오후 3:00 ~ 오전 2:00; 수요일: 오후 3:00 ~ 오전 2:00; 목요일: 오후 3:00 ~ 오전 2:00; 금요일: 오후 3:00 ~ 오전 2:00; 토요일: 오후 12:00 ~ 오전 2:00; 일요일: 오후 12:00 ~ 오전 2:00,4.8,487,대한민국 부산광역시 부산진구 서전로10번길 22-9,8Q7F5345+RX,35.157044,129.0599122,5,부산 감성 가득한 ‘태태태’에서 색다른 시간을 보냈어요. 인테리어부터 플레이팅까지 힙한 감성이 뚝뚝! 음식은 하나하나 정성스럽고 술과의 조합도 완벽해요. 특히 분위기가 좋아서 친구들이랑 수다 떨기에도 딱이에요. 다시 오고 싶은 곳!,5,"2차로 와서 간단한 안주들로만 시켰는데
아이스크림 튀김도 너무 맛있었고 만두도 바삭하고 찍어먹는 소스가 마라탕? 소스 느낌으로 만두 찍어먹기 너무 좋았어요!! 분위기도 너무 좋고 대화하기에도 시끄럽지 않아서 좋았습니다:)",5,서면오면 늘 지나가는 곳에 있던 곳이었는데 정말 맛집이네요!!! 안주도 넘 맛나구 사장님들도 넘 친절하시고 에어컨도 빵빵! 화장실도 깔끔하고 좋아요♡,5,"서면에 위치한 태국요리 맛집 ""태태태""에 다녀왔습니다. 외관부터 이국적인 분위기가 물씬 풍겨서 입장 전부터 기대가 되었는데, 안으로 들어가니 네온 조명과 소품들까지 태국 느낌이 제대로였어요.

가장 인상 깊었던 건 음식 퀄리티! 현지 느낌 물씬 나는 향신료와 양념이 진하게 배어 있어서, 태국 현지에서 먹는 것 같은 느낌이었습니다. 특히 뿌팟퐁커리와 팟타이,",5,분위기가 정말 좋고 음식도 맛있어서 자주 오고 싶어요!! 적당한 가격대에 편안한 느낌이라 부담 없이 방문하기 좋은 것 같아요! 다음에도 꼭 다시 오고 싶습니당,2025-08-23T16:52:13.812682
강갈비탕KANG GALBI-TANG,051-804-6798,월요일: 오전 9:30 ~ 오후 8:30; 화요일: 오전 9:30 ~ 오후 8:30; 수요일: 오전 9:30 ~ 오후 8:30; 목요일: 오전 9:30 ~ 오후 8:30; 금요일: 오전 9:30 ~ 오후 8:30; 토요일: 오전 9:30 ~ 오후 8:30; 일요일: 오전 9:30 ~ 오후 8:30,5.0,424,대한민국 부산광역시 부산진구 1층,8Q7F5364+6M,35.1605525,129.0566669,5,"서면 점심메뉴 강력추천!

점심에 뭐먹을까 하다가 넘 덥기도 하고 이열치열 몸보신이나 할까 하다가 갈비탕집에 왔는데 고기 넘넘 많이 주시고 고기에서 잡내 누린내 하나도 안나고 고기가 넘 부드러웠어요! 국물도 어찌나 시원한지 진짜 땀한바가지 쏟았지만 오히려 먹고난뒤에는 시원해드라구요!
입맛까다로운 남편 /저희아빠 모시고 갔는데 둘다 넘 맛족한 맛집이였습니다!",5,"부산 서면에 있는 강갈비탕은 국물 요리와 낮술을 동시에 즐기기 좋은 맛집이다.
부전역과 서면역 사이에 있어 접근성이 좋고, 근처 블루 주차장을 이용하면 주차도 수월하다.
매장은 아담하지만 손님이 끊이지 않고, 특히 어르신 단골이 많은 편이다.
갈비탕은 일반 사이즈도 양이 넉넉하고, 고기 질도 훌륭해 만족도가 높다.
국물은 깊고 깔끔하며, 일본 가정식처럼 정",5,"서면에 혼밥하기 좋은 갈비탕 맛집입니다 ~ 가족이나 친구와 방문해도 좋구요! 탕메뉴들이 많은데 갈비국수도 추천드려여! 면발이 진짜 맛나요 ㅠㅠ
주차하기도 편하고 다음에또 방문하겠습니다 ~~",5,"서면 부전시장 근처 갈비탕 전문점이에요.
맑은 갈비탕도 얼큰갈비탕도 국물이 진하고 고기가 부드러워요.
중면사리를 따로 추가해서 고기국수처럼 든든하게 먹을 수 있었어요.
셀프바 반찬 구성도 깔끔하고 밀키트 포장도 가능해요.
혼밥 가능한 바테이블도 있어서 혼자 식사하기도 괜찮은 곳입니다.",5,"KTX이음열차 타고 부전역에 도착하자마자 부전시장 잠깐 구경하고 서면 강갈비탕으로 향했어요. 새벽부터 이동하느라 지쳐 있었는데, 진하고 깊은 갈비탕 국물 한 입에 피로가 싹 풀리더라고요. 고기도 뼈에서 부드럽게 발라지고 양도 넉넉해서 혼밥으로도 완벽했어요. 조용한 분위기 덕분에 낮술 즐기기에도 좋았고, 서비스까지 친절해서 대접받는 기분! 인생갈비탕이라 부를",2025-08-23T16:52:14.181655
스톤스트리트 남포점,051-254-7736,월요일: 휴무일; 화요일: 오전 11:40 ~ 오후 9:00; 수요일: 오전 11:40 ~ 오후 9:00; 목요일: 오전 11:40 ~ 오후 9:00; 금요일: 오전 11:40 ~ 오후 9:00; 토요일: 오전 11:40 ~ 오후 9:00; 일요일: 오전 11:40 ~ 오후 9:00,4.4,401,대한민국 부산광역시 중구 용두산길 12,8Q7F422J+PH,35.1018695,129.031411,5,"캐치테이블로 미리 즐서서 많이 기다리지 않았어요. 파스타, 피자 모두 훌륭해요^^ 청포도샐러드가 왜 유명한지 알겠어요. 난은 꼭 full size로 시켜야해요. 정말 맛있어요.",4,"부산 토박이들이 추천하는 청포도샐러드. 정체가 궁금해서 오픈 보다 10분 일찍 매장으로 갔는데도 앞에 웨이팅이 7팀이나 있었습니다. 피자, 샐러드, 파스타 조합으로 모든 테이블이 주문을 하다보니 입장 후에도 20분 정도 더 기다렸던 것 같아요.

피자나 파스타는 어디서나 먹어볼 수 있는 맛입니다. 청포도 샐러드가 참 특별했는데, 큰 사이즈로 먹고 사이드를 ",5,"연휴첫날 6시쯤 갔는데 생각보다 웨이팅이 없어서 금방 들어갈 수 있었어요. 샐러드는 양이 충분해서 좋았어요. 피자, 파스타 모두 만족합니다.",5,청포도샐러드가 좋아요.3시가니 웨이팅없어 좋았어요,5,일단 청포도 샐러드는 꼭드세요 진짜 맛있어요 피자도 맛있는디 샐러드가 맛집이에요 크림치즈랑 난이 맛있는데 난 샐러드랑 싸서 크림치즈 찓어먹으면 존맛탱임... 파스타는 사실 그렇게 맛있는지 모르겠음... 파스타 시킬빠에 샐러드에 난추가해서 드시는게 더 맛있음,2025-08-23T16:52:14.571020
솔솥 광안리점,050-71386-4595,월요일: 오전 11:00 ~ 오후 9:00; 화요일: 오전 11:00 ~ 오후 9:00; 수요일: 오전 11:00 ~ 오후 9:00; 목요일: 오전 11:00 ~ 오후 9:00; 금요일: 오전 11:00 ~ 오후 9:00; 토요일: 오전 11:00 ~ 오후 9:00; 일요일: 오전 11:00 ~ 오후 9:00,4.9,390,대한민국 부산광역시 수영구 광남로 78,8Q7F44X7+HG,35.14899820000001,129.1137723,5,정말 다양한 솥밥들이 준비되어 있어서 입맛대로 고를 수 있는 곳이에요. 전복솥밥 꼬막솥밥 갈치솤밥을 선택해서 먹었는데 갈치는 순살이라서 너무 먹기 좋았어요. 전복이랑 꼬막도 가득 들어서 남해에 가지 않아도 신선한 해산물 솥밥을 즐길 수 있어서 좋았어요.,5,"따뜻한 분위기+청결한 매장에 기분좋아요.
푸짐하고 정갈한 솥밥 한상은 그냥 한끼가 아니라 대접받는 듯한 느낌을 줍니다.  풍미 넘치고 푸짐하고 담백한 솥밥 덕분에 관광지에서 밥집다운 밥집에서 식사를 했다는 기분이 들어요. 금강산도 식후경이라죠 ~ 솔솥에서의 한끼는 부산여행에 충분한 에너지와 감성을 채워주리라 확신합니다.",5,"예전에 다른 지점 갔을땐 맛이 평범했었는데, 솔솥 광안리점은 완전 달랐어요. 도미관자 솥밥 먹었는데 너~무 맛있고 누룽지도 최고였어요.. 육수에 짭짤하게 간이 되어있어서 그런가 환상의맛이더라구용. 그리고 새우튀김도 대박 맛있으니 꼭 주문하세요! 새우튀김 소스에 삶은계란이 들어간 것 같은데 그래서 더 고소하고, 새우도 통통하고 튀김옷도 바삭해서 너무 맛있습니",5,스테이크 솥밥은 고슬고슬한 밥 위에 촉촉하고 불향 가득한 스테이크가 어우러져 감칠맛이 뛰어났어요.전복 솥밥은 버터 향과 쫄깃한 식감이 매력적이었고 누룽지 숭늉까지 완벽했어요. 한식 좋아하시는 분들 추천드립니다.,5,"광안리 해변에서 도보 2분이내에 위치한 감성 솥밥집 솔솥! 광안리에서 엄마 집밥같은 한식이 땡길 때 추천드립니다~~ 스테이크솥밥은 부드러운 소고기와 반숙 계란이 환상 조합이고, 민물장어솥밥은 담백하고 고소해서 깔끔하게 즐기기 딱 좋아요. 누룽지까지 알차게 먹을 수 있어 한 끼 제대로 채웠어요😊 분위기 좋고 맛도 확실한 광안리 맛집이에요!",2025-08-23T16:52:14.942059
미포집 송정직영점,050-71398-6660,"월요일: 오전 11:00 ~ 오후 3:00, 오후 5:00~9:00; 화요일: 오전 11:00 ~ 오후 3:00, 오후 5:00~9:00; 수요일: 오전 11:00 ~ 오후 3:00, 오후 5:00~9:00; 목요일: 오전 11:00 ~ 오후 3:00, 오후 5:00~9:00; 금요일: 오전 11:00 ~ 오후 3:00, 오후 5:00~9:00; 토요일: 오전 11:00 ~ 오후 3:30, 오후 4:30~9:00; 일요일: 오전 11:00 ~ 오후 3:30, 오후 4:30~9:00",4.5,385,대한민국 부산광역시 해운대구 송정구덕포길 70,8Q7F55FX+43,35.1727839,129.1977194,4,"부산에서 유명한 음식점이길래 예약하고 방문했습니다! 제가 가게 들어갈 땐 웨이팅이 없었는데 저녁 때 되니까 사람 많아지긴 하더라구요!

음식은 미녀해물장정식, 전복솥밥 시켰습니다! 음 일단 미녀해물장정식이 제일 best일텐데 그렇게 추천할정도는 아닌 것 같아요. 간장게장의 맛은 좋았으나 새우장, 연어장 이런게 잘 양념이 베어있는 느낌이 아니기도 하고 그 계",4,"(외국인이 많이 보이길래 작성하는 리뷰, 음식 자체가 익숙치 않은 외국인이 먹기 쉬운 음식이 아님) 해물장을 시키면 밥이 나오는데 그 밥을 받자마자 먹을 양의 밥을 덜어내고 그 뜨거운 냄비솥에 뜨거운 물을 담아 숭늉을 만드세요. 약간 타서 눌러붙은 쌀과 뜨거운 물의 조합이 좋습니다. 숭늉은 모든 식사를 마친 후 드세요. 해물장은 게와 해물이 먹기가 쉽지가 ",4,예약 후 방문. 원래 웨이팅도 많은 맛집인데 날씨가 좋지 않아서 자리는 많았음. 솥밥이랑 같이 먹는 해물장이 맛있었다. 다양하게 나오긴 하는데 또 밥이랑 먹자니 크게 안 어울리는 느낌이 들기도 하고...그냥 솥밥만 먹어도 배부름!,5,"네이버 예약하였고 일정이 빨리 끝나서 1시간 전에 도착하여 시간 변경해 주셔서 기다리지 않고 바로 먹을수 있었어요.
어느것 하나 빠지지않고 짜지않아 좋았어요.
잠실에도 오픈 한다니 반갑네요.
직원분들도 친절하시고 대기실도 운치있고 함께 간 일행 모두 만족한 훌륭한 식사였습니다.",3,"분위기 좋았고 친절합니다.
가격은 높은편입니다.
장이 짜지 않아 좋았으나 가격대비 좋은지는 모르겠습니다.
오히려 솥밥이 더 맛있더라구요
솥밥 추천합니다.",2025-08-23T16:52:15.294267
고짚 광안리직영점,051-757-0106,월요일: 오후 4:00~11:00; 화요일: 오후 4:00~11:00; 수요일: 오후 4:00~11:00; 목요일: 오후 4:00~11:00; 금요일: 오후 4:00~11:00; 토요일: 오후 12:00~11:00; 일요일: 오후 12:00~11:00,4.9,361,대한민국 부산광역시 수영구 광남로 106,8Q7F5428+G5,35.1513254,129.1154937,5,옆 가게의 도 넘은 웨이팅 시간으로 인해 웨이팅 없지만 더 맛있고 친절한 “고짚” 광안리점으로 방문하였습니다. 역시 너무 맛있는 고기와 직원들의 친절한 서비스로 웨이팅으로 지친 저희의 마음을 달래 주었습니다. 광안리에 방문하신다면 꼭 이 고깃집도 같이 방문해보세요!,4,"뼈에 붙어있는 우대갈비나 오겹살은 새로운 메뉴였습니다.
맛도 좋은데, 가성비는 좋지는 않습니다.
(그래서 별 한개 뺐습니다.)
오겹은 일반적인 오겹 맛이어서  우대갈비만 먹어도 좋을 것 같습니다.
그리고, 후기가 많은 이유는 SNS 후기 이벤트(껍데기)를 하기 때문인듯 합니다.
껍데기는 주문이 안되고 후기 작성시에만 제공됩니다.",5,"부산 광안리에 왔다면 들리시길 추천합니다.

안락하고 편안한 분위기에서 맛있는 우대 갈비를 먹을 수 있습니다.

다 잘라주시니까 편해요",2,청소상태가 좋지않아서 바닥이 넘 미끄러워서 걸음걸이 조심해야합니다 우대갈비는 그냥 수입 싼고기 맛 그대로입니다 금액대비 고기맛은 별로입니다 직원들은 아주 불친절하네요 서비스라는 기본기가없어요 아주귀찮다는 그런감정을 느끼네요 요즘 이집금액에 대우받고 맛난 고기집많아요 이벤트성 고기집이네요,5,"진짜 광안리서 고기집 찾으면 여기가 1등입니다.

1. 고기 구워주고
2. 고기 품질 좋고
3. 직원분 친절하고
4. 고기 두툼하고
5. 밑반찬 맛있고(심지어 셀프바!!)

몇번째 오고 있지만 또 올겁니다~!!!!",2025-08-23T16:52:15.654826
무쇠화로서면본점,051-817-1075,월요일: 오후 3:00 ~ 오전 1:00; 화요일: 오전 11:30 ~ 오전 1:00; 수요일: 오전 11:30 ~ 오전 1:00; 목요일: 오전 11:30 ~ 오전 1:00; 금요일: 오전 11:30 ~ 오전 1:00; 토요일: 오전 11:30 ~ 오전 1:00; 일요일: 오전 11:30 ~ 오전 1:00,4.9,316,대한민국 부산광역시 부산진구 동천로95번길 7,8Q7F5346+VQ,35.1571898,129.0619121,5,"가게 내부가 깔끔하고 넓은 편이라
회식, 단체로 오기 좋다.
무엇보다 서면 중심쪽에 위치해있고 점심부터 영업하니 식사하기에도 저녁에는 술 먹기에도 좋다.
​
토시살은 미국 프라임 등급 고기로
풍부하고 육즙이 가득하니 진짜 너무 맛있었고
무엇보다 가성비가 정말 좋다는 점!
​
식사류도 정말 가성비도 좋은데 일단 무엇보다 맛있음.
방아잎된장찌개는 구수하고 시원",5,"고기도 부드럽고 양파지나 겉절이같은 기본찬도 깔끔하고 맛있어요. 소고기100그램에 9,900원이라 가성비도 좋습니다.
새콤달콤한 비빔국수에 고기한점 올려먹으면 맛없없 조합이에요~!

The beef is so tender! and all the side dishes are delicious.
It's also cost-effective to eat beef",5,"서면에서 이렇게 고기 질 좋은 집 처음이에요.
토시살, 안창살, 갈비살 모두 프라임급이라 그런지 육즙 가득하고 식감도 완벽했습니다.
100g 단위로 주문할 수 있어 양 조절도 편하고, 가격도 1만 원대라 가성비가 정말 훌륭해요.

특히 사이드로 주문한 냉김치말이국수는 꼭 드셔보세요.
고기 먹고 입가심하기에 최고. 국물이 시원하고 김치도 너무 세지 않아서 깔",5,소고기를 이렇게 다양한 특수 부위로 든든하게 먹는데 가성비가 너무 좋더라고요?? 세트 메뉴 추천 드립니다:) 부산 여행 오신 분들도 많이 방문할 정도로 이미 인기가 많은 소고기집이었습니다! 볼판도 좋아서 완전 노릇노릇 잘 익어요♡ 식사 메뉴인 비빔국수도 소고기랑 너무 잘 어울립니다!!,5,"소갈비살, 안창살, 토시살 다 너무 부드럽고 육즙도 풍부 그 자체.. 최고등급을 판매하는데 가성비도 좋고, 맛은 더 좋아서 추천합니다! 고기와 함께 먹는 비빔국수는 치트키!! 고기와 함께 구워먹을 야채도 종류가 다양하게 제공되서 너무 좋았어요! 동치미도 서비스로 제공되는데 시원해서 깔끔하니 좋아요:)",2025-08-23T16:52:16.114513
샤브남바완,051-752-4599,월요일: 오전 11:30 ~ 오후 10:00; 화요일: 오전 11:30 ~ 오후 10:00; 수요일: 오전 11:30 ~ 오후 10:00; 목요일: 오전 11:30 ~ 오후 10:00; 금요일: 오전 11:30 ~ 오후 10:00; 토요일: 오전 11:30 ~ 오후 11:00; 일요일: 오전 11:30 ~ 오후 11:00,4.9,314,대한민국 부산광역시 수영구 민락수변로 29 1 층,8Q7F543F+7V,35.1531826,129.1246887,5,"깔끔합니다
바다.광안대교보이는 창밖도 좋고요
국물도시원하고
샤브에넣어먹는 셀프바에 곤약.넓적당면이 있어서 개인취향 맘에들고요
끓여먹는 면도 세가지라 골라먹을수있어요
주차는 건물지하에하면되는데
광안리 식당많은건물이라 주차는 좀 복잡합니다",5,샤브샤브 돼지고기로는 처음먹어보는데 너무 맛있습니다. 샐러드바와 면 종류도 다양해서 좋고 무엇보다 리필이 가능해서 좋아요 소스도 다양하게 맛있습니다! 서비스 친철한건 기본~,5,"광안리, 부산, 아니 전국구 통틀어 제가 제일로 애정하는 맛집,,♥️ 거의 2년째 남자친구랑 매주 오거나 한달에 2번은 무조건 출첵하고 있어요!! 먹어도 먹어도 안질리는,, 쿠지사케 육수 막 끓기 시작할때부터 너무 맛있구요,,? 돼지고기 샤브 먹고 소고기 샤브 잘 안먹게 됐을만큼 최상급 고기질에 쫄깃쫄깃한 식감이 별미입니다!🩷 고기/새우 완자도 두 종류 다",5,"여긴 저희 가족이 너무 맛있어서 매년 경기도 수원에서 부산 광안리 까지 오는 곳이예요~ 특히 저희 아이가 너무 맛있어하고 좋아하기도 하구요~ 직원분들은 올때마다..저희 감동받고 갑니다~ㅎㅎ
내년에도 올께요♡",5,항상 믿고 와요ㅠ 이젠 샤브남바완 말고는 샤브집을 갈 수 없는 지경까지.. 채소들도 싱싱하고 고기 퀄ㄹ티도 너무 좋고 육수도 맛있습니다😋 광안리 최고 맛집이에요!!,2025-08-23T16:52:16.541930
영심이족발,051-852-1027,월요일: 오후 3:00~9:30; 화요일: 오후 3:00~9:30; 수요일: 오후 3:00~9:30; 목요일: 오후 3:00~9:30; 금요일: 오후 3:00~9:30; 토요일: 오후 3:00~9:30; 일요일: 오후 3:00~9:30,4.0,304,대한민국 부산광역시 부산진구 거제대로60번길 47,8Q7F53F9+5X,35.1729854,129.0699236,4,추억땜에 들린곳인데 서비스가 별루네요(메뉴강요),4,"갓 썰어온 따끈따끈한 족발에 윤기가 잘잘 흐르고 부드럽고 맛있게 넘어가니, 쇠주도 더 맛있네요. 윤기가 마르기 전에 최대한 빨리 먹어야 합니다.",5,가성비가 훌륭한 집 맛도 괜찮으나 그만큼 재고소진이 빠른게 단점,4,"돼야지 앞다리 살 쫄깃하고 부드러워요.
적극 추천합니다.
포장해서 너무 맛있어서 먹다가 남은 양이 적게 보이지만 2만원짜리 포장해오니 남자 2명이서 배부르게 먹었습니다.
상추와 쌈무가 양이 좀 적네요",5,가성비맛집  가게가넓지않습니다  4인테이블로되어있음 맛은좋습니다,2025-08-23T16:52:16.892556
낙불집,051-702-6555,월요일: 오전 11:30 ~ 오후 8:50; 화요일: 오전 11:30 ~ 오후 8:50; 수요일: 오전 11:30 ~ 오후 8:30; 목요일: 오전 11:30 ~ 오후 8:50; 금요일: 오전 11:30 ~ 오후 8:50; 토요일: 오전 11:00 ~ 오후 8:50; 일요일: 오전 11:00 ~ 오후 8:50,4.5,295,대한민국 부산광역시 해운대구 송정광어골로 67,8Q7F55GW+5J,35.1754372,129.1965124,5,"송정 바다 근처에 위치한 낙지·불고기 맛집이에요.

낙지볶음과 불고기가 함께 나오는 ‘낙불한상’이 시그니처 메뉴로, 매콤하면서도 감칠맛이 뛰어나요.

특히 감자 사리를 추가하면 양념이 면에 착 감겨서 별미로 즐길 수 있어요.

깔끔한 반찬 구성과 셀프바, 식사 후 제공되는 간단한 디저트까지 디테일이 살아 있는 곳이에요. 창가 자리는 송정열차가 보여서 분위기",5,"매콤한 낙지볶음이 정말 맛있네요
셀프바에서 콩나물, 깻잎 등을 원하는 만큼 리필할 수 있어 좋았습니다.
시래기국이 의외로 깊은 맛이라 깜짝 놀랐어요.
오션뷰에 기차까지 지나가는 창밖 풍경이 식사에 낭만을 더해줘요.
웨이팅이 있는 이유를 알겠는, 다시 찾고 싶은 맛집입니다.",5,"송정바다뷰가 시원하게 잘 보여서 주말에 드라이브하러 송정왔다가 맛있는거 먹고싶을때 오기 너무 좋을듯했어요!
​
불낙도 양념이 많이 맵지않았는데 그렇다고 밍밍한맛이 아닌 누구나 딱 부담없이 편하게 먹기좋은맛이라
더욱 맛있게 먹었던거같아요 ㅎㅎ
​
송정점이 확실히 가족단위로 많이들 오시던데 어른들 모시고오기에도 너무 좋은 식당이었어요
부산 동부산 맛집으로 송정",5,양이 정말 푸짐합니다. 낙지가 그득해요^^ 낙지도 부들부들 맛나고 양념도 딱입니다. 무절임과 깻잎을 셀프로 추가해 먹을 수 있어요. 아주 맛난 식사를 푸짐하게 먹을 수 있어요. 다녀오니 또 그리워지는 맛집입니다.,5,"*본 리뷰는 업체로부터 식사권을 제공받아 작성된 리뷰입니다*
해운대 블루라인파크 해변열차 타고 내린 송정역 근처에 있는 맛집으로 엄청난 오션뷰와 문어 수준의 낙지가 진짜 맛있는 곳입니다!! 부산여행 중 이렇게 든든하고 맛있는 식사를 할 수 있어서 좋았어요😍",2025-08-23T16:52:17.243342
손영환비빔국수 본점,051-754-4023,월요일: 오전 11:00 ~ 오후 8:30; 화요일: 오전 11:00 ~ 오후 8:30; 수요일: 오전 11:00 ~ 오후 8:30; 목요일: 오전 11:00 ~ 오후 8:30; 금요일: 오전 11:00 ~ 오후 8:30; 토요일: 오전 11:00 ~ 오후 8:30; 일요일: 오전 11:00 ~ 오후 8:00,4.1,276,대한민국 부산광역시 연제구 법원로 4-1,8Q7F53QF+W2,35.1898572,129.0725184,5,"가게 제목은 비빔국수 이지만,
나는 이집 물국수를 더 선호함.
국물이 진하고 맛있음.",5,"무난한 물만두에

이 집에서만 맛볼 수 있는 특색있는 비빔국수
약간 물비빔 느낌이니 참고하시길

ㅡㅡㅡㅡㅡㅡㅡㅡㅡㅡㅡㅡㅡㅡㅡㅡㅡㅡㅡㅡㅡㅡㅡㅡ
24. 8. 22. 재방문

여전히 이 집에서만 맛볼 수 있는 비빔국수
약간 새콤한 소스 맛과 함께 다른집 국수보다 탱글한 국수면발이 일품

ㅡㅡㅡㅡㅡㅡㅡㅡㅡㅡㅡㅡㅡㅡㅡㅡㅡㅡㅡㅡㅡㅡㅡㅡ
25. 5. 19. 재방문
비빔",4,비빔국수류 중에 이 집이 제일 좋음. 단맛이 강하지 않고 그렇다고 신맛이 강하지도 않은게 딱 적당하다. 먹을때는 잘 모르는데 먹고 나면 살짝 맵다는 생각이 든다.,4,"유명한 국수집 손영환 비빔국수 본점ㅎ
물국수는 무난했고 비빔은 지인이 맛있다고함
근처 법조계 기관들이 많아 점심때 사람 많음ㅎ 양도 많이 줌",5,오..!! 미미..!! 약간 토마토소스맛이 나고 매운걸 못먹는 제입엔 좀 매웠어요. 비빔국수 또먹으러 갈거예욤... 원래 콩국수 별로 안좋아하는데 여긴 먹을만했어요,2025-08-23T16:52:17.602730
미포집 광안리직영점,051-751-9888,"월요일: 오전 11:00 ~ 오후 3:00, 오후 5:00~10:00; 화요일: 오전 11:00 ~ 오후 3:00, 오후 5:00~10:00; 수요일: 오전 11:00 ~ 오후 3:00, 오후 5:00~10:00; 목요일: 오전 11:00 ~ 오후 3:00, 오후 5:00~10:00; 금요일: 오전 11:00 ~ 오후 3:00, 오후 5:00~10:00; 토요일: 오전 11:00 ~ 오후 3:30, 오후 4:30~10:00; 일요일: 오전 11:00 ~ 오후 3:30, 오후 4:30~10:00",4.7,276,대한민국 부산광역시 수영구 광안해변로 153-1 올리브영 2층,8Q7F44X7+CQ,35.1485033,129.114444,5,"미포집 너무 조아하는 사람입니다
송정점을 자주 가는데 광안리점도 아기자기 이쁘고 광안대교뷰도 넘 이뻐요
전 짠 음식을 안 조아해서 게장 등을 그리 즐겨 먹지 않는데 미포집 해물장은 짜지 않고 담백한 감칠맛이 제 취향이에요
외국인들도 많이 방문해서 한식의 맛과 멋을 즐겼으면 좋겠습니다 ♡",5,광안대교가 보이는 뷰가 정말 좋고 인테리어도 여름 느낌 나는 시원한 인테리어에 해물장도 맛있고 진짜 추천 드립니다,1,일점도 아까운 0점이에요~~ 외국인도 방문하는데 친절한 서비스 그렇게 어렵나요? 가격이 저렴한 편도 아닌데요? 직원들 전부다 물갈이하세요!! 다시는 재방문 안하고싶어요,4,미녀해물장 2인과 낙지볶음을 주문했음. 기대가 너무 높아서인지 극찬할 정도의 맛은 아니었음. 비린맛을 잡기 위해 양념에 레몬을 사용했는지 모르겠지만 모든 해물에 레몬맛이 나서 해산물 본연의 맛을 느끼지 못한 점이 매우 아쉽고 해물장이라고 기대한 것에 반해 슴슴한 맛이어서 연어장 외에는 모두 기대이하였음. 아쉽다.. 너무 기대했는데😭 의외로 낙지볶음의 양념이,4,"음식 맛, 위치는 정말 좋습니다. 광안대교가 보이는 뷰. 불금기준 손님이 너무 많아 웨이팅이 심한편입니다. 테이블 수에 비해 점원을 적게 쓰는 느낌이나 친절합니다.",2025-08-23T16:52:17.970955
영덕집,,월요일: 오전 7:00 ~ 오후 7:00; 화요일: 오전 7:00 ~ 오후 7:00; 수요일: 오전 7:00 ~ 오후 7:00; 목요일: 휴무일; 금요일: 오전 7:00 ~ 오후 7:00; 토요일: 오전 7:00 ~ 오후 7:00; 일요일: 오전 7:00 ~ 오후 7:00,4.2,256,대한민국 부산광역시 서구 충무동 자갈치로 10-23,8Q7F32WG+79,35.0957478,129.0259823,4,"값싸게 선지국밥을 먹을 수 있습니다.
현지 로컬감성 느끼고 싶으시다면 가보는 걸 추천힙니다.
아주머니들이 잔부 친절하시고 유쾌합니다.
부산의 옛정을 느낄 수 있습니다.",5,해장으로 아침에 방문했는데 정말 맛있었어요! 선지국밥에 국수사리 추가했는데 양도 엄청 많이 주셨어요~ 선지도 아낌없이 주셔서 배부르게 정말 잘먹었습니다. 단골분들은 선지 조금만 달라고 주문하시더라구요~ㅋㅋ 친절하시고 너무 맛있게 잘 먹었습니다.,5,"너무나 친절한 이모님...
부족하면 자꾸만 더 주시려 합니다....
너무 배불러서 못먹겠는데...
더운 날은 비추입니다.
물은 셀프입니다. 다른 곳은 보리차 시원하게 주던데
국물맛 너무 좋구요 ㅠㅠ그 짜투리 고기 너무 맛있어욤.... 흐악 사랑햐요!!",5,"부산 가면 반드시 방문하는 두곳중 하나
선지국수와 껍데기로 낮술 때리기 참 좋습니다
사장님의 입담 그리고 시장 고유의 분위기가 참 좋네요
방문 당일 비오는 날이였는데 비 소리 또한 분위기를 올려주었습니다
글쓰는 지금도 침이 고이네요 ㅎㅎ",3,"선지국밥집이 줄 지어 있는 곳인데 어디든 맛은 다 비슷할 것 같네요.
가격 싸고 맛도 좋습니다.
위생은 엉망이니 감안하고 방문하시길",2025-08-23T16:52:18.344758
노홍만두,051-644-9313,월요일: 오전 10:30 ~ 오후 10:30; 화요일: 오전 10:30 ~ 오후 10:30; 수요일: 오전 10:30 ~ 오후 10:30; 목요일: 오전 10:30 ~ 오후 10:30; 금요일: 오전 10:30 ~ 오후 10:30; 토요일: 오전 10:30 ~ 오후 10:30; 일요일: 오전 10:30 ~ 오후 10:30,4.3,249,대한민국 부산광역시 해운대구 구남로41번길 26-4,8Q7F5566+HW,35.1614849,129.1623431,5,"해운대 시장에 위치한
만둣집입니다
찐만두를 주문했는데
찐만두가 고기 만두예요
점심시간대 피해서
3시쯤 갔더니
사람들이 적어서 좋았어요

저는 만두를 매우 좋아하는데
이 곳 만두는 고기 누린내도 안 나고
담백하니 맛있었어요
사이드 디쉬인 오이양파와도
너무 잘 어울렸구요
단무지는 테이블마다 있는데
덜어서 먹게 되어 있습니다

내부는 허름하고
단정하진 않았지만
",4,조개칼국수 조개가 많고 신선했어요.그래서 그런지 국물이 맛있었어요.김치만두도 맛있게 먹었네요^^영업은 10시30분까지 입니다.,5,오늘은 먹은 김치만두 맛있었어요. 깨끗한 식당.,4,"만두와 칼국수가 좋은
가성비 우수한 맛집

해운대시장 안에 있으며
주인분께 확인해보니
범일동 노홍만두와 같은집

맛도 괜찮고 가격도 착함

가게안이 넓지 않아 좁다는 점과
화장실이 좀 불편하다는게
약간의 아쉬운 점

칼국수와 만두종류도  많고
테이크아웃도 가능하니
식사를 하지 않더라도
숙소에 가져와서 먹어도 좋을듯...",5,"만두는 너무 맛있게 먹었지만 칼국수는 좀 아쉬웠어요
거의 남기고 왔네요 ㅠㅠ",2025-08-23T16:52:18.700699
고짚 서면본점,051-807-0815,월요일: 오후 4:00~11:00; 화요일: 오후 4:00~11:00; 수요일: 오후 4:00~11:00; 목요일: 오후 4:00~11:00; 금요일: 오후 4:00~11:00; 토요일: 오후 12:00~11:00; 일요일: 오후 12:00~11:00,4.7,238,대한민국 부산광역시 부산진구 부전로 64,8Q7F5343+7X,35.1557307,129.0549013,5,"서면에 고기집 찾다가 우대갈비가 맛있어보여 오게됐는데 잘 선택한거 같아요!
사진에서 보는것처럼 진짜 맛있어요!",4,"우대갈비가 참 부드럽고 맛있네요 !!

갈비 먹고 난 뒤 돼지고기와 된장찌개도 기대됩니당 ㅎㅎ

딱 씹었을 때 식감이 달라요!
외국인 친구가 여길 기억해서
일년만에 다시 왔어요 !",3,"2022-05-04 고짚

대표 메뉴인 우대 갈비.
살은 부드럽고 향도 진한 편이긴 한데
육향의 진함보다는
소시지와 같은 조금 다른 맛이 강하게 났습니다.

메뉴를 바꿔 통뼈 오겹.

유튜브와 리뷰를 보고 기대를 많이 했는데
서면의 주변 고깃집들과 비슷한 수준이었습니다.

(서면은 사람들이 술과 분위기를 목적으로
찾는 가게가 많아 그런지
평에 비해 수준이 ",5,"고기에서 짚냄새가 확나면서 깊은 풍미가 매력적입니다.
우대갈비가 처음이었는데 된장찌게도 매우 추천합니다.",5,"우대갈비 먹으러 왔습니다~~ 존맛탱이에용!
부드럽고 살살 녹아요!  다 구워주시고 직원분들도 너무 친절하시고 너무 좋았습니다
다음에도 또 방문할게요!",2025-08-23T16:52:19.068529
청기와타운 서면점,051-804-0510,월요일: 오후 12:00~11:00; 화요일: 오후 12:00~11:00; 수요일: 오후 12:00~11:00; 목요일: 오후 12:00~11:00; 금요일: 오후 12:00~11:00; 토요일: 오후 12:00~11:00; 일요일: 오후 12:00~11:00,4.9,227,대한민국 부산광역시 부산진구 중앙대로691번길 46,8Q7F5334+RJ,35.15456530000001,129.0565377,5,"부산 서면역 근처 소고기 맛집 ‘청기와타운’은 접근성 좋고 주차도 편해 방문하기 좋은 곳이에요. 대표 메뉴인 수원왕갈비는 단짠한 양념에 도톰한 고기 식감이 아주 훌륭했고, 깔끔한 불판 관리 덕분에 고기 굽는 내내 쾌적했어요. 함께 주문한 비빔냉면은 새콤한 맛으로 고기와 잘 어울렸고, 투움바무생채볶음밥은 느끼함 없이 개운하게 마무리할 수 있어 반전 매력이 있",4,"가격만 빼면 모든게 완벽한 식당입니다. 소고기는 비싼 음식이니깐요☺️☺️☺️
콜키지 3병까지 프리니깐 특별한날 방문하기 딱 좋아요. 직접 다 구워주시고 고기도 맛있고 친절하셔요~~~ 생갈비, 갈비대 제거하고 구워주시는데 그게 완전 별미였습니다. 자꾸 생각나는 맛. ^^",5,"참숯 직화로 구운 우대갈비가 정말 부드럽고 불향 가득해요. 직원이 직접 구워줘 편하고, 콜키지 프리라 와인도 즐길 수 있어요. 단체 모임에도 추천합니다!",5,"단짠한 양념의 소갈비가 너무 맛있는 청기와타운!
처음부터 끝까지 다 구워줘서 너무 편해요
달달해서 밥과 같이 먹기 딱이에요
여러 밑반찬들과 함께 다양한 맛을 즐기기도 굳굳

된찌에 밥 주문했는데 비빔밥처럼 먹을 수 있게
세가지 나물을 함께 줘서 좋았습니다:)",5,질좋은 소고기를 이렇게 가성비 좋게 서면에서 즐길 수 있어서 넘 좋았어요 서면에서 갈비 드실거라면 무조건 여기서 드시는거 추천해요 친절한 직원분들이 고기도 다 구워주시고 무엇보다 넘 맛있었어요! 무생채 볶음밥 무조건 주문하는거 추천해요~~,2025-08-23T16:52:19.440673
류센소 광안직영점,,월요일: 오전 10:00 ~ 오전 3:00; 화요일: 오전 10:00 ~ 오전 3:00; 수요일: 오전 10:00 ~ 오전 3:00; 목요일: 오전 10:00 ~ 오전 3:00; 금요일: 오전 10:00 ~ 오전 3:00; 토요일: 오전 10:00 ~ 오전 3:00; 일요일: 오전 10:00 ~ 오전 3:00,4.6,218,대한민국 부산광역시 수영구 남천바다로33번길 27,8Q7F44X7+VV,35.1496855,129.1147097,1,"불친절, 무례..좋게보면 친근감인가? 싶지만 먹고 가는 손님한테 인사하는 걸 못 봄.
음식? 사진보면 맛있어보이죠? 그릇 안 위쪽이 차슈.
차슈? 완전 쪼그만 얇은 비계. 비계 순도 100퍼.
주방에서 고기를 토치로 굽던데 하얀 비계덩어리인걸 알고도 손님한테 줬다는게 생각할수록 열받네요.",4,"토요일5시30분쯤 도착!
웨이팅 3팀있었는데ᆢ
대기시간10분 쯤 이었고
동계 드론쇼 7시 시작이라ᆢ
6시30분쯤엔 손님 거의 나가서 자리 여유 있었어요.
라멘3개 사이드3개 주류2개 주문했는데ᆢ
주류 먼저 나오고
라멘ㆍ사이드 나오는데 얼마 걸리지 않았던듯 합니다.
라멘은 육수 추가했으나 짜다는
느낌이 강했고ᆢ
가라아게가 맛있어서 두번시켰어요.
굴 튀김은 기",2,"류센소와 류센소에비미소를 먹었습니다. 덜짜게 주문했는데도 짠편이었고, 면식감이 설익은듯한 느낌이었습니다. 에비미소는 국물에서 미소맛보다 곁들어진 새우튀김의 맛이 강하게 나서 당황스러웠습니다. 용천장이라는 가게를 본적 있는데 이게 일본발음으로 류센소인지는 몰랐습니다.",5,"자주가지만 직원들 너무 친절함...무엇보다 라멘이 맛있음 시즌메뉴 냉라면 초계국수처럼
밀면 냉면보다 맛있음 내 기준...
기린 생맥주가 관리를 잘했는지 신선함
하나하나 신경쓴 느낌.
믿고 먹는 류센소",5,국물 진하네요. 짠거 싫어하시는분은 미리 말씀하시는게 좋습니다. 양은 좀 적은 편이니 사이드도 시키시는걸 추천해요,2025-08-23T16:52:19.797013
한월관,051-711-7025,월요일: 오전 9:00 ~ 오후 9:00; 화요일: 오전 9:00 ~ 오후 9:00; 수요일: 오전 9:00 ~ 오후 9:00; 목요일: 오전 9:00 ~ 오후 9:00; 금요일: 오전 9:00 ~ 오후 9:00; 토요일: 오전 9:00 ~ 오후 10:00; 일요일: 오전 9:00 ~ 오후 10:00,4.8,204,대한민국 부산광역시 수영구 광안로62번길 10 1층,8Q7F5439+VC,35.15469119999999,129.1185433,4,"아침 일찍 방문해서 웨이팅 없이 여유롭게 식사할 수 있었습니다.
매장 내부는 깔끔하며 기본 반찬, 메인 메뉴 모두 정갈하며 맛있습니다.
맑은 곰탕은 갈비탕 느낌이며 뽀얀 곰탕은 흔히 아는 곰탕 스타일입니다.
두 개 다 고기 냄새도 없고 불호 없을 스타일로 깔끔하게 맛있습니다.
포장 및 밀키트 구매 모두 가능합니다.",5,"광안리에서 아침식사할 곳을 찾다가 방문한 한월관.
맑은 곰탕과 뽀얀곰탕을 먹었는데 국물 맛이 정말 깔끔하고 깊었어요.
고기는 부드럽고 양도 넉넉했으며, 밑반찬까지 정갈하게 나와서 전체적으로 만족스러웠습니다.
매장 내부도 세련되고 청결해서 가족 단위나 혼밥 모두 편하게 즐길 수 있어요.
캐치테이블로 예약하고 갔는데 대기 없이 바로 착석 가능해 좋았습니다.
광",5,"광안리 한월관이 부산 3대곰탕 맛집이라네요. 현지인에게 인기 많은 곳인데, 광안리 현지인이 인증해보자면 맞습니다-! 미쉐린 선정 후에 와봤는데 국물은 깔끔하고 고기는 부드러워요. 비가 내리고 쌀쌀한 날씨에 왔는데 편안하고 쾌적한 분위기에서 고급스럽고 따뜻한 곰탕을 먹고 가네요. 자극적이지 않고 슴슴한 맛에 직접 간을 할 수 있어서 좋아요. 가게에서 담근 푹",5,"광안리 한월관에서 곰탕set 2인 주문, 진한 1++ 한우 곰탕 국물과 부드러운 고기가 듬뿍 들어 있어 든든하게 즐겼습니다.
직접 담근 김치와 깍두기 등 기본찬이 정갈하게 제공되어 곰탕과 환상 궁합을 자랑합니다.
맑은 곰탕 또는 뽀얀 곰탕, 취향 따라 선택 가능한 점이 만족스러웠어요.
유기그릇에 담겨 전통 분위기를 느낄 수 있었고, 가족 외식이나 아침 식사",5,"부산 수영구에서 먹은 최고의 곰탕. 고기는 매우 부드럽고 국물에서는 매우 깊은 풍미의 맛이 난다. 음식의 간은 비치된 소금과 후추로 스스로 맞추면 되는데, 첫 입은 우선 아무것도 첨가하지 않은 곰탕의 풍미를 느껴봐야 한다.

The best gomtang & naengmyeon I’ve had in busan. The meat was tender, and ",2025-08-23T16:52:20.185459
샤브남바완 남포직영점,051-914-4599,월요일: 오전 11:30 ~ 오후 10:00; 화요일: 오전 11:30 ~ 오후 10:00; 수요일: 오전 11:30 ~ 오후 10:00; 목요일: 오전 11:30 ~ 오후 10:00; 금요일: 오전 11:30 ~ 오후 10:00; 토요일: 오전 11:30 ~ 오후 10:00; 일요일: 오전 11:30 ~ 오후 10:00,5.0,203,"대한민국 부산광역시 중구 광복중앙로 32-1 1층, 2층",8Q7F422J+VC,35.1021851,129.0310042,5,"쫄깃한 돼지고기가 아주 맛나요
한번 맛들이면 일주 만에 다시 생각나요
그래서 저와 언니는 일주일에 두 번 올 때도 많아요~~ 우왕!
재즈 분위기의 음악이 손님이 많을 땐 흥겨운 축제장 같고, 한 낮에 조용한 때를 만나면 근사한 레스토랑에서 즐기는 느낌이에요 고기를 슬라이스 하는 듬직한 직원과 죽을 정성스럽게 끓이는 직원의 미소를 보면 배불리 먹고도 죽을 다",5,"광안점을 첫번째로 가보고 남포점은 처음 방문했는데 분위기 더 좋고 너무너무 친절하세요!!
재료들도 다 신선하고 알찬 구성이라서 좋았고 식사(죽)도 준비되어 있고 후식 녹차 아이스크림까지 너무 최고예요👍🏻
육수도 여느 샤브집과는 확연히 차이가 납니다 아주 깔끔하고 담백하면서 깊은 맛이 나요!!
덕분에 저녁식사 맛있게 했습니다 :)",5,"차별화 된 샤브집.
1. 사케로 끓인 육수. 오... 정말 맛있습니다. 시원~~
2. 고기들의 질. 버크셔. 목살 둘다 식감이 정말 남다르네요. 버크셔버크셔하는 이유가 있네요.
3. 딱 알찬 반찬 구성. 버릴 식재료 없이 알차게 구성 되어있는 듯 해보였습니다. 다른 샤브집들의 샐러드바 가면 손도 안대는 음식들도 많은데 여기는 딱 야채. 월남쌈 재료. 면 종",5,"고급스러운 분위기에 직원 서비스도 친절하고
음식도 맛있어요! 처음부터 끝까지 부지런하게 먹었어여ㅋㅋㅋㅋ엄마랑 같이오면 좋아할거같아요🧡",5,"얇게저민 돼지고기 주문을 필두로 하여금, 따듯한 조명과 모던한 인테리어가 맞이하는 저녁식사, 한끼로 더할 나위 없는.
감자샐러드와 메추리알조림을 먹다보면 어느덧 끓는 육수를 정신없이 흡입하는 나 자신을 발견할 수 있다",2025-08-23T16:52:20.590642
광안다찌,050-71362-0388,"월요일: 오후 12:00~2:10, 오후 4:30~10:50; 화요일: 휴무일; 수요일: 오후 4:30~10:50; 목요일: 오후 12:00~2:10, 오후 4:30~10:50; 금요일: 오후 12:00~2:10, 오후 4:30~10:50; 토요일: 오후 12:00~2:10, 오후 4:30~10:50; 일요일: 오후 12:00~2:10, 오후 4:30~10:50",4.6,195,대한민국 부산광역시 수영구 광안해변로344번길 17-20 산바다회타운 6층,8Q7F544J+2M,35.1550489,129.131729,5,"광안리에서 신선한 회를 찾는다면 꼭 추천하고 싶은 곳이에요. 모듬회 구성부터 해산물 싱싱함까지 전반적으로 만족스러웠고, 광어, 농어, 참돔이 고루 들어 있어 다양한 식감을 즐길 수 있었어요. 생새우와 산낙지, 멍게, 전복회까지 살아있을 정도로 신선해서 인상 깊었고요. 비린내 없이 깔끔하게 손질된 점도 마음에 들었어요. 기본 반찬류도 정갈하게 잘 나와 함께 ",5,"뷰도 너무 좋고 매장도 넓고
서비스도 친절한데다
푸짐한 구성에 맛도 있는 광안다찌
처음엔 1인 55,000원 꽤 비싼데 뷰 값이라 생각하고 가자~ 했으나
먹고보니 이정도면 남는게 있을까? 싶을만큼 구성이 알차다
회센터에서 먹는것보다 훨씬 낫겠는데? 싶었음
가족모임, 상견례, 단체모임, 데이트 모두모두 추천하는 장소!",5,"바다가 바라 보이는 오션뷰에서 코스 요리처럼 펼쳐지는 해산물의 향연
낙지랑 새우는 춤을 추고 횟감은 탱글탱글. 전복죽은 푸근하게 안아주는 맛이었어요.
함께 간 친구도 대만족 다음번에 가족들과 다녀가야 겠다고 ㅎ 이야기 했어요.",5,"가격대비 너무 가성비 좋은 곳이예요.
가성비 좋다하면 음식 퀄 살짝 걱정될 수 있지만 정말 하나하나 퀄리티가 상급입니다.

스끼 푸짐은 말할것도 없고 회도 다 못 먹을지경...

마무리 식사까지 정말 든든하게 나오니 추천해요.",5,음식이 정말 다양하게 나옵니다. 회 별로 안 좋아하시는분들도 지인들과 함께 갔을때 젓가락 갈 곳이 많을 거예요 해산물이 신선해서 좋고 룸도있어서 좋아요,2025-08-23T16:52:20.950735
광복경양식 남포본점,051-244-4668,월요일: 오전 11:00 ~ 오후 9:00; 화요일: 오전 11:00 ~ 오후 9:00; 수요일: 오전 11:00 ~ 오후 9:00; 목요일: 오전 11:00 ~ 오후 9:00; 금요일: 오전 11:00 ~ 오후 9:00; 토요일: 오전 11:00 ~ 오후 9:00; 일요일: 오전 11:00 ~ 오후 9:00,4.1,186,대한민국 부산광역시 중구 광복중앙로 9 새부산타운 1층,8Q7F422J+38,35.1001669,129.0307726,5,"매장이 넓고 쾌적하니 단체 모임하기 좋아요~
자동화 시스템?이 도입되어 있어 엄청 편리하네요.
냥이 머신이 서빙하는데 귀엽 ㅎㅎ

1만원대부터 시작하는 가성비 좋은 가격에 양도 푸짐하고 신선하니 좋아요. 피자는 화덕피자라 담백 쫀득하며 특유의 포슬포슬한 식감이 살아 있어요.
식전 샐러드 제공 되는데 샐러드 좋아해서 추가했어요. 마르게리타 피자 위에 곁들여 ",5,"남포동에서 맛집 찾다가 방문했는데 맛있는 경양식 메뉴 있어서 좋았어요. 돈까스도 맛있고 다른 메뉴들도 기대 이상이라 근처 올 때 또 오고 싶은 맛집이에요~ 식당 분위기도 좋아 데이트로 방문하기 좋을 것 같고, 친구랑 약속 있을 때 들러 식사해도 괜찮아요! 광복동 쇼핑 후 출출할 때 바로 갈 수는 위치에 있어 접근성도 좋네요 :) 맛있는 음식으로 기분 좋게 ",5,실내 식사 공간이 매우 넓고 테이블 간 간격도 넓어 편하게 식사가 가능했습니다. 직원분도 매우 친절하게 맞아주셨고 아기와 함께 갔는데 아기의자 및 식기도 챙겨주셨어요. 경양돈까스는 바삭하고 크림파스타도 맛있었어요! 그리고 피자는 화덕에서 나와서 반죽도 쫀득하고 맛있었어요. 분위기도 좋아 자주 올 것 같아요! ㅎㅎ,5,"70대 어머니. 10대 초등생, 40대인 나 모두 만족했어요. 마르게리타 피자와 페페로니 피자는 바삭한 도우 위에 풍부한 치즈와 신선한 토핑이 잘 어우러졌습니다. 까르보나라는 꾸덕한 식감에 고소함이 살아 있어 아이들도 맛있게 먹을 수 있었습니다. 경양식 돈까스는 달콤한 소스와 바삭한 튀김옷이 조화를 이루며 식감과 맛 모두 만족스러웠습니다. 전반적으로 가족 ",5,"남포동 돌아다니다가 레트로 감성 뿜뿜하는 광복경양식 남포본점에 들렸어요
가게 외관부터 옛날 경양식집 느낌 물씬~ 내부도 복고풍 인테리어라 분위기 좋더라구요
대표 메뉴인 함박스테이크 시켰는데, 진짜 ‘정석’ 그 자체였어요
함박스테이크도 육즙 가득하고 부드러워서 밥이랑 같이 먹기 최고였어요.
사이드로 나오는 스프, 샐러드가 정성스럽게 나와서 하나도 안 허전했고",2025-08-23T16:52:21.305111
메리윤,050-71403-8430,"월요일: 오전 10:00 ~ 오후 4:00, 오후 5:00~9:00; 화요일: 오전 10:00 ~ 오후 4:00, 오후 5:00~9:00; 수요일: 오전 10:00 ~ 오후 4:00, 오후 5:00~9:00; 목요일: 오전 10:00 ~ 오후 4:00, 오후 5:00~9:00; 금요일: 오전 10:00 ~ 오후 4:00, 오후 5:00~9:00; 토요일: 오전 10:00 ~ 오후 4:00, 오후 5:00~9:00; 일요일: 휴무일",5.0,164,대한민국 부산광역시 해운대구 양운로 55 1층,8Q7F559G+7F,35.1681876,129.176247,5,사장님 친절하시고 매장 분위기 브런치에 딱이에요! 기본 브런치인 메리 플레이트는 빵이 너무 맛있고 나머지 사이드인 야채소시지 등등 다양하게 있어서 더 좋았고 새우 크림 파스타는 꾸덕하고 새우도 넉넉히 들어있어서 잘먹었습니다👍,5,별다를 게 없어보이는 브런치 가게 평이 왜 이렇게 좋은지 궁금해 보여 찾아갔는데 아주 만족스러웠다. 가장 큰 장점은 거품을 뺀 적당한 가격이었다. 버드와이저 맥주가 3500원! 그러다보니 무난히 맛있으면 충분하다고 느껴졌다. 마르게리따 피자는 바질페스토 느낌이 물씬 풍겨 맛있었고 케이준 치킨 크림 리조또는 치킨은 굽네치킨 느낌에 크리미함 / 적당한 매콤함이,4,장산역 앞 브런치카페입니다. 점심시간에는 웨이팅이있을정도로 인기있어요! 꼭 하나의 메뉴를 추천하자면 크림리조또는 꼭 드셔보세요. 시즈닝된 치킨도 맛있고 꾸덕하고 진해서 맛있어요! 가격대는 적당하고 내부분위기도 아늑합니다😎,5,내부 공간은 아늑한 편. 테이블이 많지는 않아서 웨이팅 있을 수 있음. 직원 분이 친절하고 브런치 메뉴가 합리적이다. 엄청 특별하게 맛있다! 까지는 아니지만 이가격에 이 맛이면 충분히 다시 올만하다 라는 느낌이 드는 곳. 개인적으로는 마르게리따 피자보다 케이준 치킨 크림 리조또가 더 맛있었음,5,장산역 근처에 있는 찐 맛집 다섯시쯤 방문했는데 막 브레이크 타임이 끝나서 다행히 웨이팅 없이 입장 했어요. 대신 여기는 저녁에 예약을 받아서 거의 모든 테이블이 예약석이었던 ! 여기 알리오 파스타랑 크림 리쪼또 강추입니당 !!,2025-08-23T16:52:21.670587
군스빽립,051-242-3620,월요일: 오전 11:30 ~ 오후 9:00; 화요일: 오전 11:30 ~ 오후 9:00; 수요일: 오전 11:30 ~ 오후 9:00; 목요일: 오전 11:30 ~ 오후 9:00; 금요일: 오전 11:30 ~ 오후 9:00; 토요일: 오전 11:00 ~ 오후 9:00; 일요일: 오전 11:00 ~ 오후 9:00,4.5,146,"2nd Floor, 중구 부산광역시 대한민국",8Q7F422J+HF,35.1013879,129.0311354,5,군스빽립 야들야들 부드럽고 입에서 녹아요 정말 맛납니다 정말루 입에 쇽쇽 들어갑니다여 많이 부드럽다보니 오히려 느끼할 수 있는데 그럴때는 소스 스파이시로 주문하시는거 추천하구 갈릭밥으로 추천드려요 마늘 튀김 싫어하시면 흰밥도 좋구요,5,"필리핀에서 먹었던 빽립을 부산 남포동에서도 먹을 수 있다는 소식을 듣고 대구에서 부리나케 달려왔습니다! 계단을 통해 2층으로 올라가니 아담하게 자리잡고 있더라구요^^ 점심시간쯤이었고 매장에는 여성 5분이 한테이블에 자리잡고 있었습니다. 요리하는 주방이 유리로 분리되있어 요리하는 모습을 볼 수가 있는데, 우리는 주방쪽에 가까이있는 테이블에 앉았습니다. 빽립을",5,"남포동에서 맛있는 끼니 떼우기 진짜 좋은곳!!
사진만 봤을때는 양이 별로 안되네?
싶었는데 양이 생각보다 많아요

성인남자 둘이 갔는데 든든하게 채우고
디저트 하나정도 들어가면 배 빵빵해질정도?

빽립 맛은 지금껏 먹어왔던 립들중 최고였어요
마늘밥도 감칠맛 쵝오..
또 다른 메뉴도 바삭바삭하고 담백한게 밥도둑이에요",5,"폭립의 고기가 포크로만 찢어지듯 너무 부드러웠습니다
가격대도 두 메뉴에 2만원 중반대로 괜찮았어요
그리고 사장님이 너무 친절하십니다, 불편하지 않는 그런 친절함이 느껴저 너무나도 만족한 식당입니다
정말 맛있고 좋은 식당이여서, 강추하고 싶습니다 ㅎㅎ",5,음식을 떠나서 사장님과 일하는 직원들 모두 너무 친절해서 너무 좋았어요 음식도 맛있구요 인테리어도 이쁘고ㅎ제일 최고인게 엄청 친절 요즘 친절한 직원들과 사장님을 만나본적이 오래되어..그런지 너무 기분 좋게 식사하고 왔습니다. 이런 집은 후기를 남겨야지용ㅎ,2025-08-23T16:52:22.030773
목구멍 남포점,051-242-9240,월요일: 오후 4:00 ~ 오전 12:00; 화요일: 오후 4:00 ~ 오전 12:00; 수요일: 오후 4:00 ~ 오전 12:00; 목요일: 오후 4:00 ~ 오전 12:00; 금요일: 오후 4:00 ~ 오전 12:00; 토요일: 오후 4:00 ~ 오전 12:00; 일요일: 오후 4:00 ~ 오전 12:00,4.8,135,대한민국 부산광역시 중구 광복로6번길 11,8Q7F32XG+C8,35.098583,129.0257951,5,"고기가품질이 좋은것 같습니다.
부드럽고 비계도 쫀득쫀득  한게  맛있습니다.
구워주니  더  맛나고 한잔하기 좋습니다.
환기는 잘 안되는것 같습니다~.
환기통이 천장쪽에 있는것 같은데 단점이 실내 전체에 뿌옇게 기름섞인 연기가 자욱 합니다.
고기는 맛나고 구워주니 일정한 굽기로 맛이 유지 된다는게 좋습니다. 솥뚜껑에 구워진 고기와 파절이 콩나물 김치 등이 ",5,삼겹살이랑 목살 모두 맛있습니다. 고기도 두툼하고 일하시는 분이 다 구워주셔서 편해서 좋네요. 반찬도 깔끔하게 나오고 사장님이랑 알바생 분들이랑 다들 엄청 친절하세요. 왔다 갔다 하시면서 부족한걸 얘기하기 전에 미리 다 챙겨주십니다. 된장찌개도 맛있었고 밥도 좋은 쌀 쓰시는지 맛있네요. 삼겹살 생각나면 또 들리겠습니다~,5,"목구멍을 접하게 된건 사상점이 처음이였어요!
집과 가까운곳을 찾게 되니 남포점이 가까워서 다니게 됐네요!

일단 고기는 말도 안되게 맛있고
특히 사장님과 직원분들의 친절함은 정말 사람을 기분 좋게 만들고 최상의 서비스라고 생각합니다

고기도 정말 맛있게 구어주시구요
모자란 반찬과 야채들을 알아서 채워주십니다

매번 갈때마다 맛있는 고기와 서비스를 제공해주셔",5,구워주는 고기집 애들이 좋아하는 갈비본살로 시작해서 마무리 두툼한 목살구이^^ 저희가족 외식은 항상 목구멍이네요 특히 남포점은 사장님도 친절하시고 고기굽는솜씨가👍👍👍,5,"찐단골리뷰!

1.맛있다
2.정말 맛있다
3.말이필요없을정도로 맛있다
4.사장님 친절함 미쳤음
5.직원들도 친절함

그냥 최고임 가서 먹어보면 알게 됩니다ㅠㅠ
다른지점이랑 다르게 더맛있는거 같아용!!!!!!",2025-08-23T16:52:22.380874
기요항 해운대점,051-747-3830,"월요일: 오전 11:30 ~ 오후 3:00, 오후 5:10~9:30; 화요일: 오전 11:30 ~ 오후 3:00, 오후 5:10~9:30; 수요일: 오전 11:30 ~ 오후 3:00, 오후 5:10~9:30; 목요일: 오전 11:30 ~ 오후 3:00, 오후 5:10~9:30; 금요일: 오전 11:30 ~ 오후 3:00, 오후 5:10~9:30; 토요일: 오전 11:30 ~ 오후 3:30, 오후 5:10~9:30; 일요일: 오전 11:30 ~ 오후 3:30, 오후 5:10~9:30",4.6,124,대한민국 부산광역시 해운대구 해운대로570번길 46 신라스테이호텔 1층,8Q7F5555+WG,35.1597884,129.1588329,5,"신라스테이 1층에 위치한 일본식의 독특한 덮밥이다. 생선살을 으깨어 약간의 야채와 섞어 밥위에 커다랗게 올려주고 게살과 성게알을 듬뿍 올려주고 계란 노른자도 올려 제공된 간장을 살짝 넣고 비벼 먹는다. 거의 다 먹으면 오차를 밥에 부어주면 먹는다. (오차라고 해서 그냥 찻물을 부어 주는줄 알았는데) 이 오차가 생선국물이라서 은근히 잘 어울린다. 다만, 우리",5,"가격대는 조금 있는 편이었지만 정말 맛있게 먹을수 있었습니다.
기본적으로 덮밥 위의 것들이 새콤달콤하고 맛있었습니다.
다 먹고나서는 오차즈케를 시킬수있는데 이것 또한 별미였습니다. 재방문 의사 있음!",5,"카이센동 맛집을 찾다가 기요항 해운대점에 방문하여 기요항 기본과 우니동 그리고 하이볼을 주문하였습니다.

기요항의 덮밥은 심해 화산을 닮은 덮밥이라고 하며 밥 위에 회와 재료들을 다져 놓은 모양이 화산을 닮아 있었습니다.

먹는 방법은 각 테이블에 표시되어 있지만 점원분이 따로 먹는 방법에 대한 설명을 친절하게 해주셔서 좋았습니다.

전체적으로 음식이 정성",5,듣기좋은 음악과 맛있는 식사 깔끔한 디저트까지 직원들 서비스도 좋고 매우 만족스러운 한끼였습니다,3,우리는 해운대에서 지인을 대접하기 위해서 리뷰를 보고 이곳을 찾았다. 가게는 전체적으로 깨끗하고 좋았다. 하지만 4인이상은 한자리에 앉을 수 없는 단점이 있었다. 그래서 우리는 두테이블에 나누어 앉았다. 그리고 아기가 있어서 유모차를 가지고 왔는데 마땅히 위치시킬 곳이 없어서 조금 당황했다. 하지만 직원의 배려로 첫자리 옆쪽에 유모차를 놓고 먹을 수 있었다,2025-08-23T16:52:22.770547
돌솥밥집,051-246-3888,월요일: 오전 11:00 ~ 오후 8:00; 화요일: 오전 11:00 ~ 오후 8:00; 수요일: 오전 11:00 ~ 오후 8:00; 목요일: 오전 11:00 ~ 오후 8:00; 금요일: 오전 11:00 ~ 오후 8:00; 토요일: 오전 11:00 ~ 오후 8:00; 일요일: 휴무일,4.4,123,대한민국 부산광역시 중구 광복로37번길 7-1,8Q7F32XH+XJ,35.099994,129.029087,4,"오래된만큼 단골분들도 많아보이는 노포
메뉴는 순두부와 된장찌개 둘 중에서 고르면 밥이랑 비빔그릇이랑 물,김치 덜어먹는 접시가 나와요.
돌솥에서 밥 덜어내고 물 부어서 숭늉으로 만들어 먹으면 꿀맛입니다. 김치도 익지않은 겉절이 김치인데 넘 맛있게 잘 먹었습니다.",5,"찌개주문시 돌솥밥과 나물을 주는
것이었다… 된장찌개는 시원한 해물맛. 순두부는 매콤하지 않고 슴슴한 가정식 스타일. 남녀노소 좋아할 맛",4,"40년 전통 돌솥밥집. 조그만한 가게에 순두부, 된장 두 가지 메뉴로만 영업. 한블럭 너머에 위치한 유명한 돌고래 순두부가 달큰한 맛이라면 여기는 구수한 맛이라고 할 수 있겠다. 피크타임에는 웨이팅 필수.",5,"골목 속에 있지만 사람이 많아서 찾기 어렵지는 않습니다.
1시 넘어서 갔는데 30분 정도 기다린 후 들어갈 수 있었어요.
찌개 메뉴만 고르면 밥은 같이 나와요.
저렴한 가격에 이렇게 나올 수 있나 싶을정도의 음식점 이었습니다.",1,"이곳에 왜 줄서서 먹는지 이해불가..
숭룽이 제일 맛있다는 말이 맛네요. 밥 도 돌솥에 한게 아니라   밥솥에 밥 뚝배기에 넣고 뚝배기 데워서 준거네요 뚝배기밥이 아니라.",2025-08-23T16:52:23.250638
고하순,051-808-9243,월요일: 오전 11:30 ~ 오전 12:00; 화요일: 오전 11:30 ~ 오전 12:00; 수요일: 오전 11:30 ~ 오전 12:00; 목요일: 오전 11:30 ~ 오전 12:00; 금요일: 오전 11:30 ~ 오전 12:00; 토요일: 오전 11:30 ~ 오전 12:00; 일요일: 오전 11:30 ~ 오전 12:00,4.7,121,대한민국 부산광역시 부산진구 서전로 38 고기로하나되는순간 2층,8Q7F5357+2H,35.1575744,129.0639801,5,"전포에서 고기집 먹으러 항상 가는 단골집입니다. 평일에는 직장 동료들과 점심 식사로, 주말에는 가족과 함께 자주 찾는 곳이에요. 이번에도 와이프, 아기와 함께 방문했는데 역시나 만족스러웠습니다.

분위기가 아늑하면서도 깔끔해서 가족 단위로 오기에 정말 좋고, 아기 의자도 깨끗하게 준비되어 있어서 편했어요. 밑반찬들이 정갈하고 맛있는 건 물론이고, 고기 품질",5,"광안리고기맛집 고하순 숙성고기 정말 맛있었습니다. 최근 갔던 고기집 중에 제일 맛있었어요. 전문적으로 그릴링 해주셔서 편안하고 즐거운 식사였습니다.점심특선도 좋아요.
광안리 점심 식사 하기도 좋은곳~",5,"한국에서 제일 맛있는 불고기를 먹어봤어요. 10/10 만점! 한입에 깜짝 놀랐고, 환경과 서비스도 정말 좋았습니다! 부산에 오면 또 먹으러가자!",2,"삼겹 목살 천겹 먹었는데..고기가 미친듯이 맛난다?그런건 아님..
삼겹, 목살은 너무크게 잘라주셔서 먹기가 부담ㅜㅜ
천겹살 구워주시는데 다른일 하신다고 고기가 너무
익혀서 과자가됨.. 죄송하다는 말도 없으심..ㅜㅜ

천겹살 과자되서
돼지고기무우국에 넣어서 밥에 말아먹었음.. ㅜㅜ

개인적으론 다른분들에겐 비추입니다..

직원분들은 친절합니다. 가게는 깔끔함",5,"생고기들 자체가 육즙가득 부드럽고, 특수부위별 식감도 맛도 굳^^ 껍데기가 이렇게 부드러울수가~~된장찌개는 3가지로 선택가능합니다. 김치볶음밥^^ 오~~~너무 귀여워용",2025-08-23T16:52:23.614852
운단수산,051-791-0989,월요일: 오전 11:00 ~ 오후 9:00; 화요일: 오전 11:00 ~ 오후 9:00; 수요일: 오전 11:00 ~ 오후 9:00; 목요일: 오전 11:00 ~ 오후 9:00; 금요일: 오전 11:00 ~ 오후 9:00; 토요일: 오전 11:00 ~ 오후 9:00; 일요일: 오전 11:00 ~ 오후 9:00,4.8,111,대한민국 부산광역시 해운대구 중동2로 31,8Q7F5577+R7,35.1645735,129.1632075,5,"해목 갔는데 대기도 안된다 해서 차선으로 온 곳인데 안왔음 어쩔 뻔했나 싶어요. 음식 하나하나 너무 맛있고 정갈합니다. 장어는 아이가 먹었고 저는 굴국밥을 먹었는데 먹어본 굴국밥 중 젤이었어요. 서비스로 나온 고로케 먹고 깜짝 놀랐습니다. 이것도 제가 먹어본 고로케 중 최고. 일본에서 금상 받았다는 고로케보다 더 맛있어요. 고로케 꼭 드세요.
성게스시는 한",5,"남천 해변 시장에서 하실때부터 단골이었어요!ㅎㅎ
늘 그리워하다 이번에 해운대 간김에 방문 드렸는데
여전히 친절하시구 여전히 너무 너무 맛있습니다!
최고 최고!!! 아 입 안 가득 바다향이 향긋하게 머무는
성게알 초밥에 장어 반마리 덮밥 먹고 완전 몸보신했어요!
굴국밥이나 성게국밥도 많이들 드시던데 다음엔 국밥 먹으러
방문드릴께요!!
해운대에서 우니 잘 하는",5,운단성게국밥 주문했는데 뜨끈하니 성게도 가득하고 바다 내음 한가득 먹을 수 있어 참 좋네요 든든하니 겨울에 먹기 딱 좋습니다 한그릇 먹고 나니 고뿔도 뚝딱 떨어질 것 같네요 ㅎㅎ 든든한 한끼로 운단성게국밥 추천해요,5,"혼밥하고 왔는데 가게 분위기는 아담하고 따뜻했구요
음식은 정갈하고 맛있었어요
해산물 전문점답게 재료들이 정말 신선했습니다
직원분들도 친절하셔서 좋은시간 보내고 왔어요☺️",3,"전복과 성게등 해산물 솥밥과
국밥 전문점으로
전체적으로 가격이 좀 있는 편이지만
정갈하고 깔끔한 식사를 할 수 있는 식당

솥밥은 시간이 소요된다는 점을
감안해야 하며
양은 적은 편이고
밑반찬과 된장국까지
맛도 괜찮고 균형잡힌 식사를 하는 느낌

뜨거운 쇠솥과
잘맞지 않는 듯한 받침대로 인해
식사하는 내내 중심을 잡기가 좀...

해운대구청과 어귀삼거리 사",2025-08-23T16:52:24.020598
주야상회,051-254-3635,월요일: 오후 12:00~10:00; 화요일: 오후 12:00~10:00; 수요일: 오후 12:00~10:00; 목요일: 오후 12:00~10:00; 금요일: 오후 12:00~10:00; 토요일: 오후 12:00~10:00; 일요일: 오후 12:00~10:00,4.7,108,대한민국 부산광역시 중구 남포동4가 자갈치해안로 65-1,8Q7F32WJ+VX,35.0971988,129.03242,5,"양념소자 50,000원 주문했어요. 장어 시키시면 홍합조개탕 서비스안주?로 나옵니다. 저는 홍합탕 나오는걸 보고 방문했어요. 둘이서 나중에 볶음밥이나 우동사리랑 먹기 딱 좋았습니다. 양념이 너무 맛있습니다. 달끈한데 텁텁하지도 않고. 양념을 어떻게 만드는지 물어보고 싶을정도로 맛있습니다.",5,"부산 자갈치시장 초입 주야상회는
부산 토박이분들이 애정하는 꼼장어 맛집이라고...
부산에 거주하시는 지인분께서 극찬한 곳이라
더욱 기대가 컸다.
시원하고 푸짐한 조개탕과 매콤한 꼼장어는 최성의 케미였다.
무심한듯 뚝뚝한 사투리에서도 정이 묻어나고
특히 주야상회에서는 꼼장어 껍질을 함께 구워
세상 처음 맛보는 별미중의 별미를 선물해 주시더라...
자갈치시장 ",5,"시장에서 둘러보다 찾은 숨은 맛집
꼼장어 반반에 조개탕 서비스로 받았습니다
진짜 맛있습니다 두번 세번 가세요
거기다 사장님이 아주 친절하게 대접해드립니다",5,"부산 갈 때마다 들리는 곳입니다.
소스가 진짜 최고에요...
해산물 안먹는 애인이 여기 꼼장어볶음밥은 너무 맛있다고 꼼장어볶음밥 먹으러 여기 오고싶단 노래를 부를 정도루요",5,"자주 먹는 메뉴가 아닌 경우에
특정 집을 정해두고 먹는 편,
일단 이날부터 꼼장어는 '주야상회'

대부분의 꼼장어 식당이 그렇듯, 살아있는 꼼장어를 다루기에
신선도는 제쳐두고, 양념맛이 내 마음을 사로잡았다
어디에나 잘 어울릴 법한 황금비율의 양념이
꼼장어-우동사리-볶음밥 순으로 만나
내 마음은 녹이고, 위는 든든하게 해준다",2025-08-23T16:52:24.390801
페이센동 광안리점,050-71449-9399,"월요일: 오전 11:30 ~ 오후 2:30, 오후 5:00~7:30; 화요일: 오전 11:30 ~ 오후 7:30; 수요일: 오전 11:30 ~ 오후 2:30, 오후 5:00~7:30; 목요일: 오전 11:30 ~ 오후 2:30, 오후 5:00~7:30; 금요일: 오전 11:30 ~ 오후 2:30, 오후 5:00~7:30; 토요일: 오전 11:30 ~ 오후 2:30, 오후 5:00~7:30; 일요일: 오전 11:30 ~ 오후 2:30, 오후 5:00~7:30",5.0,102,대한민국 부산광역시 수영구 민락로 7-5 2층,8Q7F544C+CX,35.1560224,129.1224965,5,친구랑 셋이 방문해서 여러가지 다양하게 먹었는데 어쩜 다 맛있는지!! 가격도 넘 좋아서 자주올듯해요. 가성비쩌는 찐맛집와서 기분이가 좋네요🤤🤤,5,"지인이랑 방문했는데, 정말 만족스러운 한 끼였어요!
매장은 아담하지만 깔끔하고 직원분 손놀림이 빨라 음식도 금방 나왔어요.
회전률이 좋은듯^^

가라아게동은 큼직하고 속은 촉촉,
에비동도 새우가 실하고 튀김옷이 얇아 더 바삭하고 맛있었어요.^^
냉모밀과 세트 구성도 잘 어울려서 전체적으로 균형 잡힌 식사였습니다.

광안리 근처 가시면 한 번쯤 꼭 들러보시길",5,"밥+카츠+국+계란
요 네 박자가 입 안에서 환상 궁합
한 그릇에 정성 다 담긴 느낌이었어요
​
요트 타러 가기 전, 든든하고 기분 좋은 한 끼였어요
광안리 오시는 분들 꼭 가보셨으면 하는 블루리본맛집
​
광안리에서 일본 가정식 먹고 싶을 땐
무조건 광안리맛집 페이센동 추천드려요ㅎㅎ
​
플레이팅, 맛, 분위기, 서비스, 가격 모두 합격!
웨이팅 감수할 만한 ",5,"광안리에서 핫하다는 페이센동 다녀왔어요! 바다 보이는 뷰는 기본, 분위기까지 딱 제 스타일! 저희는 2인 세트메뉴로 주문했는데요, 카츠동이랑 에비동에 냉모밀, 콜라까지 구성이 알차더라고요. 바삭하게 튀겨진 새우튀김은 한 입 먹자마자 감탄이 절로 나오고, 돈가스도 두툼하고 촉촉해서 진짜 입안에서 녹았어요. 냉모밀은 시원하고 깔끔해서 튀김이랑 찰떡궁합! 직원분",5,"광안리에서의 맛있는 점심 고민은 이제 끝!
페이센동 광안리점은 일본식 덮밥과 모밀을
좋아하는 분들이라면 누구나 만족할 곳이에요
​든든한 한 끼가 여전히 기억에 남을 만큼
맛과 퀄리티 모두 뛰어났어요 :)
​깔끔한 분위기와 친절한 서비스까지 더해져
다시 한번 찾고 싶은 식당이었답니다
​부산 여행 중 밥집이 고민된다면
광안리맛집 페이센동 광안리점 추천합니다",2025-08-23T16:52:24.854744
사천훠궈양꼬치 남포점,010-2307-2155,월요일: 오후 12:00 ~ 오전 12:00; 화요일: 오후 12:00 ~ 오전 12:00; 수요일: 오후 12:00 ~ 오전 12:00; 목요일: 오후 12:00 ~ 오전 12:00; 금요일: 오후 12:00 ~ 오전 12:00; 토요일: 오후 12:00 ~ 오전 12:00; 일요일: 오후 12:00 ~ 오전 12:00,5.0,102,대한민국 부산광역시 중구 부평1길 7 1층,8Q7F32XG+W6,35.0997889,129.0255204,5,"이 가격에 훠궈와 양꼬치를 무제한으로 즐길 수 있다니 정말 가성비 최고였어요. 양꼬치 좋아하시는 분들이라면 완전 만족하실 거예요. 다음엔 친구들이랑 단체로 와서 또 실컷 먹고 가려고요!

남포동에서 푸짐하게 먹을 수 있는 무한리필 고기집 찾으신다면 이곳 꼭 가보세요.",5,"남포동에 새로 오픈한 사천훠궈양꼬치 남포점 다녀왔어요! 훠궈+양꼬치 무한리필이 단돈 23,900원이라 가성비 최고였고, 1인도 가능하고 어린이/청소년 요금도 저렴해 가족모임이나 단체모임 장소로 딱이었어요.

훠궈는 홍탕+백탕 반반국물로 선택했는데, 얼얼한 마라맛과 담백한 육수가 조화를 이뤄 너무 맛있었고, 양고기·차돌·해산물·분모자 등 신선한 재료가 가득해",5,"고퀄리티 양꼬치와 훠궈를 무제한으로 먹을수 있는곳
둘이서 배터지게 먹어도 단돈 5만원이 채 안된다니 너무 감격스러울뿐입니다 ㅠㅠㅠ
매장도 너무 깔끔하고 음식퀄도 무한리필같지않게 엄청 좋아요 재방문의사 100%",5,"친구와 남포동 쇼핑하러 왔다가 점심 먹으러 방문했는데, 훠궈와 양꼬치를 무제한으로 먹을 수 있는 데다가 재료 질도 좋아서 정말 맛있게 먹고 왔습니다. 다음에 근처 방문하면 또 먹으러 올게요~",5,훠궈와 양꼬치를 무제한 먹을 수 있는데 가격도 넘 좋고 재료들이 다 신선하고 넘 맛있어요. 훠궈 육수 홍탕 백탕 반반 주문했는데 홍탕 완전 맛납니다. 그리고 여기 양꼬치도 꼭 드셔보세요. 잡내 하나 없고 완전 쫄깃 맛있네요. 훠궈와 양꼬치 넘 맛있어요. 또가고 싶네요.,2025-08-23T16:52:25.254066
삼환축산 남포점,051-248-7583,월요일: 오전 11:50 ~ 오후 11:00; 화요일: 오전 11:50 ~ 오후 11:00; 수요일: 오전 11:50 ~ 오후 11:00; 목요일: 오전 11:50 ~ 오후 11:00; 금요일: 오전 11:50 ~ 오후 11:00; 토요일: 오전 11:50 ~ 오후 11:00; 일요일: 오전 11:50 ~ 오후 11:00,4.6,102,대한민국 부산광역시 중구 남포길 7-1,8Q7F32XH+JV,35.0990032,129.0296684,5,저녁에 회식이 있어서 다녀왔는데 서비스도 좋고 가격도 착하면서 맛도 좋은 곳이네요. 매장이 넓은 곳이라서 단체 회식 장소 모임 장소로도 좋은 곳입니다.,5,"가족들과 남포동에 나왔다가 손님이 너무 많아서 맛집이구나 싶어서 들어갔습니다.
새로 오픈해서 가게도 깨끗하고 고기연기도 잘빠져서 쾌적하게 식사할수있었습니다. 고기도 가격대비 질이 너무너무 좋더라구요,  그리고 우리애가ㅜㅜ실수로
물한통을 바닥에 다 흘렸는데 사장님께서
괜찮다고 금방 닦아 주시더라구요
둘째가 8개월아기인데 고기
편히 먹으라고 아기까지  봐주셨어",5,"삼환축산 남포점에서 정말 즐거운 식사 경험을 했습니다! 고기 질부터 된장찌개까지 모든 면에서 대만족이었어요. 특히 고기의 신선함과 맛이 정말 뛰어났고, 야채도 신선도가 최고였습니다. 된장찌개도 구수하고 깊은 맛이 나서 인상적이었어요. 직원분들도 매우 친절하고 세심하게 신경 써주셔서 기분 좋게 식사를 할 수 있었습니다. 오랜만에 모든 부분에서 만족을 느낄 수",5,"남포동에서 가성비 좋은 고기 맛집으로 소문난 곳이라 기대했는데, 진짜 좋아요.메인 거리에 있어서 찾기도 쉽고, 분위기도 아늑했습니다!
주변에 비싼 고기집이 많은데, 여기는 저렴한 가격에 푸짐하고 질 좋은 고기를 맛볼 수 있어서 정말 만족스러웠어요🫢 이미 지역에서 친절하기로 소문이 나서 그런지 손님도 많더라고요?!서비스도 좋아서 다음에 또 방문하겠습니다~!",5,"가성비 좋은 고기맛집 찾으신다면 추천드려요!
이 가격에 질좋은 고기 파시면 사장님은 뭐가 남으시나 할 정도로 고기 질이 좋아서 놀랬네요.
알고보니 이 지역에서도 유명하더라구요.
(현지에 사는 지인 추천으로 방문했어요)
정말 너무 친절하고 청결하고 맛있는 고기에 반하고 갑니다.",2025-08-23T16:52:25.690538
삼익식당,051-244-3022,월요일: 오전 11:00 ~ 오후 9:00; 화요일: 휴무일; 수요일: 오전 11:00 ~ 오후 9:00; 목요일: 오전 11:00 ~ 오후 9:00; 금요일: 오전 11:00 ~ 오후 9:00; 토요일: 오전 11:00 ~ 오후 9:00; 일요일: 오전 11:00 ~ 오후 9:00,4.6,99,대한민국 부산광역시 중구 남포길 20,8Q7F32XJ+F9,35.098727,129.030919,5,"돼지불고기백반이 9,000원인것도 놀라운데,
상추쌈, 된장찌개 그리고 밥 위에 햄하나 올려주신 센스 👍
간이 슴슴해서 집밥먹고 싶을때 방문하면 좋다.",5,"돼지불고기백반이 대표 매뉴입니다
밑반찬도 여러가지이고 모두 정갈하고 맛있었습니다

가격도 합리적이여서 가성비도 최고^^

돼지불고기도 연하고 자극적이지 않아서 좋았습니다

내부 좌석이 많지 않았지만 회전율도 빠른것 같아서 금방 압장할수 있었습니다",3,"여사장님 굉장히 친절하신데
대한민국치고 달랑 2가지메뉴 판매하는것치고는 음식 엄청 늦게나온다
불고기도 그닥 다시 찾아올만큼의 맛이아니다
엄청 허기진 사람은 화가 날수있다
☆참고 사항 ☆
이곳은 만두 맛집이였던 것이다
만두 안시켰으면 화만내고 갈뻔!
느린 테이블 회전률에 잔뜩난 화가
만두 먹고 가라앉을 정도 맛임!
불고기백반 9,000원
손만두 6,000원
",5,"남포동 BIFF 거리 근처 한식당입니다. 가격도 저렴하고 가정집 분위기가 나서 좋았어요. 일하시는 사장님 부부 사진이 걸려있고 고양이 사진도 있어서 기다리는데 지루하지 않았습니다. 또, 음식도 맛있었고 손만두 특히 비싸다고 생각은 했지만 그래도 값은 하는 것 같아요. 불백도 맛있고 재방문의사 아주 있습니다!~",5,"삼익 식당 아니구
오뚝이 돈까스집
함박  돈까스 적당하니 좋아요
식하하고 커피 마시면 1500원 이라고 하네요",2025-08-23T16:52:26.054113
부산 남포동 닭갈비 맛집 | 장인닭갈비 남포점 | Busan Nampo JangIn Dakgalbi Restaurants | 職人チキンリーブ釜山南浦店 | 釜山手工烤鸡排,050-71385-4586,월요일: 오전 11:00 ~ 오후 11:00; 화요일: 오전 11:00 ~ 오후 11:00; 수요일: 오전 11:00 ~ 오후 11:00; 목요일: 오전 11:00 ~ 오후 11:00; 금요일: 오전 11:00 ~ 오후 11:00; 토요일: 오전 11:00 ~ 오후 11:00; 일요일: 오전 11:00 ~ 오후 11:00,4.5,98,대한민국 부산광역시 중구 구덕로48번길 4-1 1층,8Q7F32XJ+F8,35.0987391,129.0307945,1,"일단 원하는 자리 앉으라며 갑자기 지정해주고, 닭갈비 부위가아니라 닭가슴살만 90%있어요 이 고기 마저도 전체의 20-30% 밖에 없어요. 나머지는 성의있게 썬 양배추도 아닌 그냥 익지도 않고 두껍고 큰 양배추 40% 라면사리 30% 입니다. 내국인 외국인 모두 안 갔으면 하는 집. 간다하면 말릴거 같습니다. 맛도 즉석떡볶이 이하의 맛이납니다. 음식에 돈 ",1,"음식은 정말 괜찮았다......
미리 조리해서 나오는 점  최고지만 나중에 사리 추가가 안돼는 점은 단점 직원들도 친절함
매운맛 조절도 가능하고  심지어 순살닭갈비도
국내산이다.  셀프바에 김치와 물김치가 없는점과  뭔가 국물요리가 없는게 조금 아쉬움
여기까진 4점 !!!!

아 근데 우리테블에 화구쪽에 김치조각이 넓부러 져 있었음  더러워 ....
위생 ",5,닭갈비에 모듬살리 추가하니 양이 정말 푸짐해요! 볶음밥까지 마무리하고 싶었는데 배불러서 볶음밥을 못 먹었네요^^;; 매장도 넓고 깨끗해서 가족 모임해도 좋을 것 같아요. 닭갈비 바로 먹을 수 있게 내어 주셔서 진짜 좋습니다! 셀프바에 야채도 진짜 신선해요 :),5,"일단 오픈한지 얼마안된 집이라 친절함은 물론이고 깨끗해서 좋아요.
특히 치즈는 말할것도 없고 닭이 부드러워요.
일반 닭갈비 먹을땐 닭고기가 좀퍽퍽한맛이 많은데
요긴 닭이 부드러워 씹는식감도 좋앗네요.
치즈와 볶음밥은 국룰아니겟어요? ㅎㅎ

First of all, it's a house that hasn't been opened for a while, so",1,"닭갈비를 시켰는데 닭가슴살만 왔구요, 닭갈비가 너무 적어서 치즈로 배 채웠습니다. 그리고 날치알볶음밥을 시키려고 알바분께 말했는데 “날치알이요?” 하며 비웃었습니다. 이전에 음식때문에 화가 조금 난 상태였는데 더욱 화가 났습니다. 볶음밥이 도착하자 화는 절정에 치달았습니다. 2인분이 햇반 1개 겨우 되는 양이었습니다. 한 끼에 1인당 16000원을 사용하였",2025-08-23T16:52:26.422374
서면 곱,051-808-7592,월요일: 휴무일; 화요일: 오후 4:00 ~ 오전 12:00; 수요일: 오후 4:00 ~ 오전 12:00; 목요일: 오후 4:00 ~ 오전 12:00; 금요일: 오후 4:00 ~ 오전 12:00; 토요일: 오후 12:00 ~ 오전 12:00; 일요일: 오후 12:00 ~ 오전 12:00,4.8,92,대한민국 부산광역시 부산진구 가야대로784번길 7 1층,8Q7F5344+RW,35.1571075,129.0573212,5,"곱창 좋아하신다면 무조건 추천드려요!
부산서면곱창맛집으로 유명한 ‘곱’은 당일 도축한 한우곱창만 사용하고, 인공연육제 없이 천연 과일로 연육해서 진짜 부드러워요.
특히 수제 마늘곱창은 의성마늘로 직접 만들어 풍미가 깊고, 대파김치를 곱창기름에 구워 같이 먹으면 완전 별미예요!
서면데이트코스맛집, 서면롯데백화점맛집 찾는 분들께 강추합니다. 웨이팅 있어도 후회",5,"곱창집 찾다가 서울에서 먹었던 체인인거 같아
방문했습니다 그때도 만족했었거든요

다 구워져 나오니 연기와 씨름할필요없어 좋았습니다

곱창은 고소하니 좋았고 대창이랑 특양도 좋았네요

다른 양곱창집에 비해 깔끔해서 좋았습니다",4,"서울에선 늘 이런스타일로 나와서 이게 서울곱창스타일인줄 이날 처음 알았음
뭔가 약간 서울보다 기름부족의 느낌이지만, 부산에서 맛있게 먹은 곱창이다
한가지 덧붙이자면 서울은 콩가루부터 찍어먹는 소스가 기본 3-4개정도!
암튼 부산 놀라가서 맛있게먹은 음식 !!!",2,"고소하지 않는 곱창 첨 먹어봤네요.
요즘 방송나온집이라 갔더니 본점도 아니네요
진짜 실망이었습니다.",5,아주 맛있는! Yummy,2025-08-23T16:52:26.786401
남해횟집,051-867-5737,월요일: 오전 11:00 ~ 오전 12:00; 화요일: 오전 11:00 ~ 오전 12:00; 수요일: 오전 11:00 ~ 오전 12:00; 목요일: 오전 11:00 ~ 오전 12:00; 금요일: 오전 11:00 ~ 오전 12:00; 토요일: 오전 11:00 ~ 오전 12:00; 일요일: 휴무일,3.8,89,대한민국 부산광역시 연제구 월드컵대로145번길 55,8Q7F53MH+HP,35.1839012,129.0792862,4,"한줄평: 동네에 있음 참 좋을 횟집

외지에서 와서 하모회에 전어회 반반으로 저녁 한끼 먹었는데 상당히 훌륭했다.
생선 물도 상당히 좋았고 반찬들도 하나하나 부족함 없이 알차고 좋았다. 한 가지 아쉬웠던던 하모에 칼집이 조금씩 부족하게 들어가서 가시가 좀 씹힌것. 그 외에는 다 좋았다.
마지막 매운탕에 잘 지은 밥, 그리고 맛좋은 김치까지도 상당히 좋았다.",3,티비에 많이 나온 집 치고는 맛도 평범하고(맛이 없지는 않음)  손님도 별로 없음. 주말 낮에 찾아가면 예약 안하고도 먹을수 있음. 부산 외곽에 위치해서 위치도 그다지 좋지 않음. 요약하자면 굳이 이거 먹으려고 일부러 찾아갈정도의 맛집은 아님,4,"회덮밥 먹었어요..
가성비 괜찮은듯..
밑반찬이 조금 부실하긴했지만 매운탕은 무난하게 맛있었어요.",4,"영도 횟집을 다녀서인지
이웃 블로그만보고  방문시
도다리 8만원 주문시 맛은 고소했어요.
3인 성인기준 양은 부족한듯 합니다.ㅎㅎ
개인적인 견해입니다.",2,"대방어를 먹었는데 회는 그럭저럭이나 너~~~무 늦게 나옴. 손님이라고는 홀에
한팀밖에 없었는데도(나갈 때 보니 두 팀) 찌게다시 다 먹고도 한~참을 기다림.
아주머님은 나온다 나온다 하시는데
물고기 잡으러 간 줄 암. 울 회사 사람들 예전에는 많이 왔었다는데 이래서 안 오는
건가 하는 얘기까지 나옴",2025-08-23T16:52:27.169508
긴자 해운대마린시티점,051-747-6672,월요일: 오전 11:30 ~ 오후 10:00; 화요일: 오전 11:30 ~ 오후 10:00; 수요일: 오전 11:30 ~ 오후 10:00; 목요일: 오전 11:30 ~ 오후 10:00; 금요일: 오전 11:30 ~ 오후 10:00; 토요일: 오전 11:30 ~ 오후 10:00; 일요일: 오전 11:30 ~ 오후 10:00,4.5,85,대한민국 부산광역시 해운대구 마린시티2로 38 I-PARK 판매동 304호,8Q7F544V+G2,35.1563302,129.1426037,4,"분위기 고급스럽고, 회도 싱싱하고 다른 음식들도 맛있더라구요. 근데 초반에 에피타이저로  나온 매생이 국이랑 마지막에 나온 돌솥알밥이랑 탕은 좀 짰어요. 그리고 음식 나온 텀이 좀 길더라구요. 저희는 효코스 먹었는데 음식이 그리 많지 않았는데 다 먹는데 1시간 40분쯤 걸린것 같아요.",5,서빙해주시는분도 친절해주시고 분위기가 일본에 와있는 기분이들정도로 분위기가 좋아여 음식도 깔끔합니다,1,"오랜만에 와이프랑 데이트하고 저녁식사하러 예약하고 갔는데 자리는 그냥 중앙 감옥같은 자리..ㅜㅜ
일본 갔다온지 일주일도 안되서 갔는데..회는 썰어놓은지 시간이 지난것처럼 윤기 찰기가 없고..회 먹다가 뼈가 나와서 완전 짜증 ㅜㅜ 콜3번을 눌렀는데 대답없는 써빙담담분..
서빙분이(닉네임이 하나?) 설명해주시는데 그냥 무시하는 느낌이
엄청 많이 듦..  카운터",4,"2025-05

룸이 깔끔하고 이쁨
6-8명 조아보임

대접하기 좋은 것 같음ㅡ 어른 모시고 가거나 기념일 이럴때

음식도 굿",2,"회덮밥이 먹고 싶어서 들렀는데 점심땐 다들 런치특선을 많이 시키는지 회덮밥은 시간이 많이 걸린다고 이야기 해줌.
한참을 기다린후 나온 음식 모양은 나쁘지 않았지만 막상 먹으려고 보니 야채들이 너무 굵게 썰어져 있어서 비벼 먹기가 힘듬.
회만 건져 먹고 다 남김.
해물전 같은건 녹말을 너무 두껍게 해서 부쳐서 딱딱하고 맛없음.
성의없고 최악의 식사였음.",2025-08-23T16:52:27.546418
광안리 맛집 마이페이보릿보틀 광안점 | busan restaurant My favorite bottle Gwangalli | 美食 My Favorite Bottle 广安店,070-8835-6882,월요일: 휴무일; 화요일: 오후 4:00 ~ 오전 12:00; 수요일: 오후 4:00 ~ 오전 12:00; 목요일: 오후 4:00 ~ 오전 12:00; 금요일: 오후 4:00 ~ 오전 12:00; 토요일: 오후 12:00 ~ 오전 12:00; 일요일: 오후 12:00~11:00,4.9,84,대한민국 부산광역시 수영구 민락동 172-3 1층,8Q7F544F+Q4,35.1569275,129.1227568,5,"3명 가서 3인셋트 주문했는데 와인이 한병 포함되어 있어서 놀랐네요. 맥주와도 궁합이 좋고 안주 다 맛있었어요. 추가로 먹은 올리브, 구운 견과류, 얼린 포도 같은 것도 안주로 훌륭했습니다. 직원들과 거리가 가까워서 요청사항이 바로 반영되는 점도 좋았네요. 화장실 깨끗하게 잘 관리되고 핸드워시 향이 좋아 따로 제품명 찾아볼 정도였어요. 만족합니다!!",5,"저희는 아란치니, 잠봉 토마토파스타, 크리스피 삼겹살을 주문했는데, 하나같이 완성도가 높아서 먹는 내내 감탄하면서 먹었어요.
먼저 아란치니는 겉은 바삭하고 속은 촉촉한데, 안에 치즈가 쭉 늘어나면서 고소한 풍미가 가득 퍼지는 게 너무 좋았어요. 튀김옷이 기름지지 않고 적당히 바삭해서 씹을 때마다 식감이 너무 좋았고, 함께 나오는 소스와도 조합이 완벽했어요.",5,"음식도 하나하나 다 예쁘고 맛있고 와인도 가성비 좋습니다. 와인종류가 많긴한데 사장님이 친절하게 설명해주십니다
재방문의사 200%입니다
광안리 오시면 강추드려요",5,"■부산 광안리 와인바 데이트하기 좋은 분위기와 가성비 마이페이보릿보틀 광안점
■분위기
마이페이보릿보틀 광안점은 아늑하고 세련된 분위기로, 친구들과의 모임이나 데이트 장소로 매우 적합합니다. 조명이 부드럽고 인테리어가 고급스러워 편안한 분위기를 제공합니다.
■가성비
이곳의 가성비는 정말 뛰어난 편입니다. 다양한 와인을 합리적인 가격에 즐길 수 있으며, 특히 ",5,"가성비도 좋고 분위기는 더 좋았던 부산 광안리 와인바! 마이페이보릿보틀 광안점, 저의 페이보릿 플레이스가 될 것 같은 곳이었어요 친구들이랑 오순도순 얘기나누면서 와인 마시기 좋았고 다양한 매뉴를 맛볼수 있는 2인, 3인 세트가 있어서 좋았어요 와인도 종류 많고 가격대도 다 괜찮아요 와인추천도 잘해주니깐 맘 편하게 다녀오기 좋은 곳 ㅎㅎ 와인 잘 모르지만 부",2025-08-23T16:52:27.925386
83해치 광안리점,,"월요일: 오후 3:00 ~ 오전 12:00; 화요일: 오후 3:00 ~ 오전 12:00; 수요일: 오후 3:00 ~ 오전 12:00; 목요일: 오후 3:00 ~ 오전 12:00; 금요일: 오후 3:30 ~ 오전 12:00; 토요일: 오후 3:30 ~ 오전 12:00; 일요일: 오전 12:00 ~ 오후 12:00, 오후 3:00 ~ 오전 12:00",4.7,79,대한민국 부산광역시 수영구 민락본동로19번길 59,8Q7F545G+28,35.1575601,129.1258114,4,조금좁고 늘 웨이팅이 20~30팀이 있긴하지만 직원들의 친절하고 센스있는 접객이 장점인 공간 2인기준 7~8만 정도면 배부르게 식사가능한곳,4,"국내산 숙성 삼겹살/목살 등 구이 전문.
좋은 풍미.
맛있는 백김치 및 무생채 등 사이드.
직원분이 고기를 구워주신다.
서비스가 좋다.",4,무생채같은 김치가 정말 인상적이었어요. 달달한 물김치가 무채에 살얼음이 껴서 정말  시원달달했네요. 스텝분들도 하나같이 훈남이시고 정말 친절하셨어요. 고기는 진짜 맛있어 그정도는 아니지만 맛있었고 해치생맥주는 ipa 느낌이 조금 나는 수제맥주라 고기집에서 이런 맥주를 내네 하고 생각했어요. 분위기 인테리어 좋고 연기가 없어서 더 좋았습니다.,5,"로컬 맛집이라는 돼지고기집! 종류별로 다 시켜서 먹어 봤는데 다 맛있게 먹었습니다. 친절하게 구워 주시고 꽃미남 5분이 서빙해 주십니다. 사진 찍으려하면 반사판 들고와서 환호해 주시고, 고기 구우면서도 맛있어져라 주문과 ""좋아!""를 연신 외치시더라구요.
볶음밥, 찌게, 해물라면 중 고민하다 라면 먹고 왔습니다.
해운대 들리면 꼭 다시 오고 싶은 곳 입니다.",5,서비스의 갑오브갑 이네요. 고기맛은 일품이구요. 시원한 살얼음 무생채가 시그니쳐네요.,2025-08-23T16:52:28.292923
구땡식당 남포본점,051-255-9900,월요일: 오후 4:00 ~ 오전 12:00; 화요일: 휴무일; 수요일: 오후 4:00 ~ 오전 12:00; 목요일: 오후 4:00 ~ 오전 12:00; 금요일: 오후 4:00 ~ 오전 12:00; 토요일: 오후 4:00 ~ 오전 12:00; 일요일: 오후 4:00 ~ 오전 12:00,4.5,77,대한민국 부산광역시 중구 중구로6번길 6-1,8Q7F32XH+8C,35.0983329,129.0286031,4,"파채삼겹살 단일메뉴입니다.
누린내도없고 맛있습니다.
테이블수가 6개정도로 좁은곳입니다.
양은 두명이 중자정도하고 복음밥 1인분정도는 하셔야해서 가격이 저렴하진 않습니다.
된찌는 첨에는 기본으로 나옵니다.
복음밥에 계란 치즈 추가 비용 들어가지만 계란은 꼭 추가하세요.
전화예약도가능한거 같고 6시 반 넘으니 대기자가 발생하넴요.
장부 적어놓으면 전화해줍니다.",4,"저번에 사람많아서못가봄. 오픈하자마자 가봄.
삼겹살이 나한테는 덜익은느낌이여서 더구워서먹음. 술안주로 제격. 소주빔도 좋음.
볶음밥까지 꿀꺽함. 막 특별한건아니고 냉삼좋아하면 굿",4,"소주병에 LED소품 좋았어요 ㅎㅎ

그리구 고기는 얇은 대패 느낌의 돼지고기 였는데,
새송이랑 같이 구워서 내어주세요
(편해서 좋았네요)",5,맛나요! 돼지냄새도 안나고. 볶음밥은 꼭 드세요. 달걀꼭 추가해서! 추천추천,3,"엄청 비좁습니다
맛은 좋고
고기 미리 구워서 나오는거라
바로 먹기에 편해요",2025-08-23T16:52:28.670157
이낙에산다 광안리본점,070-8823-8881,월요일: 오전 11:00 ~ 오후 9:00; 화요일: 오전 11:00 ~ 오후 9:00; 수요일: 오전 11:00 ~ 오후 9:00; 목요일: 오전 11:00 ~ 오후 9:00; 금요일: 오전 11:00 ~ 오후 9:00; 토요일: 오전 11:00 ~ 오후 9:00; 일요일: 오전 11:00 ~ 오후 9:00,4.5,75,대한민국 부산광역시 수영구 남천바다로10번길 68 1층,8Q7F44W6+R9,35.1470225,129.1109114,5,"연포탕 맛집으로 소문난 곳답게, 진한 국물 맛이 일품이었어요. 제철 낙지가 푸짐하게 들어가 있어 탱글탱글한 식감은 물론, 머리를 자르면 터지는 먹물과 알에서 깊은 바다 풍미가 느껴졌습니다. 감태가 들어간 맑은 국물은 담백하면서도 감칠맛이 살아 있었고, 해물과 야채, 칼국수를 다 건져먹고도 국물은 절대 남길 수 없을 만큼 맛있었어요. 고춧가루 소스와 마늘참기",4,"기호에 따라 다른 반응이 있을 수 있으나,
우리는 반,반이었음.
참기름향을 좋아하는 분들에게 추천함.
서비스 좋고 친절함.
감자사리는 음...참기름향을 좋아하신다면 추천함.
주관적리뷰이오니 참고만하시길~",5,"평일 점심이후에 가서 웨이팅없이 먹었어요.
저번에 외국인친구랑 왔을때도 맛있어서 이번에 두번째 방문이었는데 맛있었어요.

감자사리면 강추! 후식 식혜까지 좋았습니다.",5,부산 광안리 낙곱새 맛집 이낙에 산다 방문해서 낙곱새 먹었어요~ 맵기 조절 가능해서 좋고 재료가 하나하나 다 신선해요:) 직원분도 넘 친절하게 조리 해주셔서 편하게 먹었고 부족한 반찬은 셀프바에서 가져다 먹을수 있어 좋아요!! 아기의자도 있고 좌석수도 많아서 모임하기도 굿굿^^,5,"분위기와 서비스
테이블 간격도 적당히 넓어서 북적이지 않고,
편안하게 식사할 수 있는 환경이에요.
특히, 직원분들이 친절하고 서비스가 빠른 편이라
먹는 내내 기분이 좋답니다. 😊
​
맛
음식은 기본적으로 신선한 재료와 깊이 있는 양념이 돋보여요.
낙곱새나 낙오새 같은 메인 요리는 물론,
사이드 메뉴인 새우명란미나리전 같은 요리까지
하나하나 신경 쓴 맛이라 ",2025-08-23T16:52:29.045925
등짝,051-808-2073,월요일: 오후 5:00~10:00; 화요일: 오후 5:00~10:00; 수요일: 오후 5:00~10:00; 목요일: 오후 5:00~10:00; 금요일: 오후 5:00~10:00; 토요일: 오후 5:00~10:00; 일요일: 오후 5:00~10:00,4.0,70,대한민국 부산광역시 부산진구 중앙대로680번가길 55-5,8Q7F5346+86,35.1558342,129.0605402,4,"등갈비로 한자리에서 이렇게 오래 운영한다는것 그것만으로 분명 이유가있을것이다
매운양념은 우리가아는 그런맛과는 조금다른 향이난다
소금구이는 노멀하고 . 소금구이 찍어먹는
매운소스가 좀더 매운건없냐고 물어보니
없다고 하지않으시고 제조를 좀 해주신다고 뛰어가만들어주심
작은 친절에 감사드립니다",4,"서면 등짝. 알만한 사람은 다 아는 곳. 옛날에 비해 가격도 오르고 양도 조금 줄었지만 끊을수없는 등갈비.!! 너무 너무 맛있다는, 소금구이를 와사비소스에 찍어 먹으면 짱맛.! 매운맛도 넘나 맛있는 것~ 오래된 가게라 시설이 노후한건 어쩔 수 없네요. 가게 이전은 안할듯...",5,소금구이는 짭쪼름하면서 뜯어 먹는 맛이 아주 칭찬해!ㅎ 양념도 치즈에 찍어서 돌돌말아 먹으면 정말 맛있음. 기본찬들도 맛있고 특히 된장찌개도 맛있음,2,"과거의 경험이 좋았지만
지금은 평범한 느낌
양념보다는 소금구이가 맛있었음
무엇보다 위생상태가 정말 별로였음
다시는 가고싶지는 않음",4,맛있습니다. 다만 양념없는것만 맛있습니다. 그리고 서비스로주시는 김치찌개가 압권입니다. 최고,2025-08-23T16:52:29.406126
도아돈가츠돈부리전문,051-583-1102,월요일: 오전 11:00 ~ 오후 9:00; 화요일: 오전 11:00 ~ 오후 9:00; 수요일: 오전 11:00 ~ 오후 9:00; 목요일: 오전 11:00 ~ 오후 9:00; 금요일: 오전 11:00 ~ 오후 9:00; 토요일: 오전 11:00 ~ 오후 9:00; 일요일: 오전 11:30 ~ 오후 9:30,4.3,67,대한민국 부산광역시 금정구 금정로68번길 42,8Q7F63JQ+4F,35.2302512,129.0886864,1,"어디든 흔히 있는 수준의 돈까스, 미지근하고 밍밍한 냉소바 까지는 그렇다치고 손님이 들어오면 보는척이라도 하고 주문하면 대답이라도 좀 합시다.",5,"장전동에서 구서동으로 이전했는데 구글엔 반영이 안되었네요.
로스카츠 정말 겉바속촉 최고입니다. 치킨카츠도 정말 맛있었고요.",5,"히레카츠, 로스카츠, 우동 맛있었습니다!! 고기 종류랑 양 선택지 여러 개 있어서 좋아요🙂 부산대 있을 때 종종 갔었는데 구서점으로 이전하고는 처음 갔는데 내부 분위기도 괜찮고 좋아요! 직원 분도 친절하시고 에피타이져 죽도 맛있고 돈까스도 질도 괜찮은 것 같고 맛있어요!!",4,제가주문한음식 맛있고양도많고 가게는 정말 오래되어 아쉬운점은 있었지만 직원분들 친절하셨어요,5,돈카츠 끝판왕도 여기에도 있네요. 아들내미. ㅜ ㅓㄴ으로 집사람과 같이 갔는데 엄청  맛 있었어요,2025-08-23T16:52:29.778326
옥계관,010-5879-4444,월요일: 오후 5:00~11:30; 화요일: 오후 5:00~11:30; 수요일: 오후 5:00~11:30; 목요일: 오후 5:00~11:30; 금요일: 오후 5:00~11:30; 토요일: 오전 11:30 ~ 오전 12:00; 일요일: 오전 11:30 ~ 오전 12:00,4.8,63,대한민국 부산광역시 수영구 민락로19번길 22,8Q7F544C+HH,35.1564492,129.1213817,5,";)
닭구이 무한리필.
8월 일요일 기준 10분정도 웨이팅 후 입장.
(캐치테이블 하면 더 좋긴 한 듯)

닭구이는 4종류이다.
1. 사이살: 싸이버거랑 같은 부위. 닭다리 살 으낌
2. 특목살: 쫄깃하고 독특한 맛.
3. 안심살: 거진 닭가슴살 맛
4. 특수부위: 개인적으론 다 별로....

셀프바 추천 메뉴
1. 스크램블드 애그+깍두기볶음밥
2.닭껍질튀",5,"광안리 옥계관 다녀왔어요! 2인 무한리필로 유명해서 기대 잔뜩하고 갔는데, 진짜 만족했어요. 기본 찬부터 깔끔하게 나오고, 고기 퀄리티도 괜찮더라구요. 특히 삼겹살이랑 목살이 계속 당겨서 몇 번을 리필했는지 몰라요. 직원분들도 친절해서 고기 구워주시는 서비스도 좋았고, 속도도 빨라서 기다림 없이 먹을 수 있었어요. 무한리필이라 양껏 먹었는데도 질리지 않게 ",5,"광안리가 주는 낭만과 매장의 분위기가 주는 몽환적인 느낌이 잘 어울러진 힙한 곳이었습니다!
닭구이는 많이 접해보진 못했었는데 담백하고 닭 본연의 맛과 여러 부위를 즐길 수 있어서 좋았습니다!
또, 구워서 나오는데다가 먹기 좋게 잘라주시고, 내가 원하는 느낌으로 화로에 데워서 먹을 수 있다는 점도 최고의 장점 중 하나!
장아찌, 소스 등 다양한 조합으로 즐기",5,"닭 부위별로 정말 부드럽고 맛있었어요.
무한 리필에 이 가격이라니, 믿기지 않을 정도였습니다. 분위기, 맛 모두 대만족으로 가성비 최고 맛집으로 강력 추천드립니다!",5,"진짜 둘이 가서 배터지게 먹고 왔습니다
기본 닭 숯불구이 세트만 해도 양이 상당한데
여기에 뷔페식으로 무한리필이 가능하기 때문에 완전 배불리 먹으 ㄹ수 있었어요",2025-08-23T16:52:30.376235
달래해장부산동래점,050-71339-0441,월요일: 24시간 영업; 화요일: 24시간 영업; 수요일: 24시간 영업; 목요일: 24시간 영업; 금요일: 24시간 영업; 토요일: 24시간 영업; 일요일: 24시간 영업,5.0,61,대한민국 부산광역시 동래구 명륜동 503-8 달래해장 1층,8Q7F634J+6P,35.2055082,129.0818669,5,"동래구청맛집 이곳의 대표 메뉴는 단연코 달래해장국입니다. 묵직하면서도 얼큰한 국물맛이 일품인데요. 들깨 베이스부터, 맑은 육수, 얼큰한 버전까지 다양하게 준비되어 있어 입맛에 맞춰 고를 수 있는 점이 장점이에요. 얼큰소고기해장국은 속을 확 풀어주는 칼칼함이 특징이고, 들깨해장국은 고소하면서도 든든하게 드실수 있으며 내장탕/감자탕/국밥류도 준비되어 있어서 해",5,"갈비 수육 꼭 드세요! 짱 맛있고
사장님 너므 친절…!

해장국도 누릿내 없이 깔끔한 맛이라 다음에 또 길거에요",5,"동래에서 접근성 좋은 술집 밥집으로 좋았어요
해장 전골과 빈대떡, 어리굴젓 이렇게 먹었는데
술 안주로 최고였어요! 🩷 얼큰한 해장 전골 한 뚝배기면 소주 한병은 기본으로 술술 넘어갑니당 ㅎㅎㅎ",5,"24시 식당으로 아침, 점심, 저녁에 들를 수 있다는 큰 장점이 있어요. 다양한 메뉴가 있어서 식사뿐만 아니라 반주하기좋고 술안주로도 제격입니다. 회식이나 모임장소로 괜찮은 장소라고 생각합니다",5,"동래맛집 달래해장!
24시간 영업으로 술집도 되고 음식집도 되는 곳..
너무 맛있게 먹고 해장 잘 했습니다 !",2025-08-23T16:52:30.730347
에틱아일랜드 (구. 화이트아일랜드),050-71441-0250,월요일: 오후 12:30~8:00; 화요일: 오전 11:30 ~ 오후 10:00; 수요일: 오전 11:30 ~ 오후 10:00; 목요일: 오전 11:30 ~ 오후 10:00; 금요일: 오전 11:30 ~ 오후 10:00; 토요일: 오전 11:30 ~ 오후 10:00; 일요일: 오전 11:30 ~ 오후 10:00,4.5,57,대한민국 부산광역시 수영구 광안로21번길 24,8Q7F5458+25,35.157515,129.115386,5,"골목안에 분위기 좋은 카페입니다.
대형견 두마리가 자유롭게 돌아다녀서
강아지 무서워하시는 분들은
좀 힘들수도 있어요
음료 맛있고 사장님 친절하세요
브런치 식사도 있어요",5,"따뜻한 복층입니다. 테라스의 강아지들은 얌전하고 귀엽습니다! 따뜻한 분위기에 따뜻한 실내 너무 좋아요.
따뜻한 누텔라 핫초코는 너무 맛있어요!!!ㅜㅜ꼭드세요.",5,"우연히 알게된 카페~
일단 사장님과 소통이 좋았네요
진솔하고 편안하게 이런저런 이야기 나누느라 시간 가는줄 모르고 이야기 꽃을 피웠구요
카페 입구부터 평온하게 자면서 맞이하는 두 여인네들..ㅋㅋ(설이와 아리)
하나하나 정성들인 손길의 소품들..
주택가에 이런곳이 있는줄 몰랐네요
보석을 찾아낸 느낌??
암튼 느낌이 좋은 카페였어요
주문한 차와 디저트도 집밥?",5,순한 사모예드 강아지 2마리가 반갑게 맞아주는 화이트아일랜드 입니다. 게스트하우스로도 많이 알려져 있으며 커피와 딸기스무디를 시켰습니다 커피는 스타벅스보다 낫고 커피향이 좋았습니다.  수제쿠키는쉽게 부스러지고 입안에 붙습니다 각종견과류가 충분히 들어있어 맛은 괜찮았습니다,5,"와플, 아메리카노, 아이스티 먹음
전체적으로 홈메이드의 맛이 난다
아메리카노가 고소?한 편
사모예드 두마리가 상주하는데 한 마리는 애교쟁이고 한 마리는 쪼깐 예민
사모예드는 1층에만 있고 2층에는 안 올라오는 것 같으니 참고하세용",2025-08-23T16:52:31.090372
온담 서면전포점,050-71493-5891,월요일: 오후 4:00~11:00; 화요일: 오후 4:00~11:00; 수요일: 오후 4:00~11:00; 목요일: 오후 4:00~11:00; 금요일: 오후 4:00~11:00; 토요일: 오후 12:00~11:00; 일요일: 오후 12:00~11:00,4.9,52,대한민국 부산광역시 부산진구 전포대로 225 대로변 1층 온담,8Q7F5347+MX,35.1566927,129.0649499,3,"나쁘지 않지만 특별하지도 않음
여기는 구글 리뷰 남기면 음료 또는 고기 주류를 제공해주는 곳이니 평점에 주의하시길 바랍니다.
그냥 돼지 목살입니다.
특별하지 않고 그냥 적당히 나쁘지않다.
버터밥이라도 하는건 사실 버터가 아닌 제품으로 제공하기에 마가린밥이라고 하는게 정직할거같습니다.
버터프레시라는 제품으로 밥을 섞어먹게하지만 버터프레시는 유지방 비율이 50",4,"직원분들 다 친절하시고 고기 다 구워주시니까 편했어요
환기도 잘 되서 쾌적하게 먹을 수 있어요
목살도 맛있지만 백살이 더 쫄깃하고 맛있어요
밥시키면 버터,간장 주는데 간계밥+양념고기 맛있어요
그러나 전체적으로 제 입에는 좀 달큰?했어요
파김치도 달고 백김치도 달고 찬이 다 달달한 느낌?
맛있게 잘 먹었습니다 번창하세요",5,"매장이 일단 분위기가 좋고 청결합니다~
직원분들 친절하고요~고기도 잘 구워주십니다~
목살인데 고기가 너무 부드러워요 ㅠㅠ
온백살 진짜 강추입니다 비빔국사랑 최고의조합!!
갓지은 밥도 너무 찰지고 맛있었습니다♡
서비스짜글이도👍👍👍
밑반찬도 정갈하고 맛있습니다!^^",5,"전포 고기맛집이라고 해서 와봤는데 너무 맛있어요! 온겹살은 부드럽고 쫄깃한데 지방이 많아 엄청 고소하고, 목살도 담백하면서 맛있어요. 평일 5시에 와서 웨이팅은 없었고 조용하니 데이트 장소로도 아주 좋아요~",5,"고기냄새 안나고 분위기도 좋은 고깃집입니다.
밀도높은 숯에 고기도 직접 구워주셔서 맛있게 먹고 갑니다.",2025-08-23T16:52:31.450234
위클리광안,051-752-2324,월요일: 오전 11:30 ~ 오후 9:30; 화요일: 휴무일; 수요일: 오전 11:30 ~ 오후 9:30; 목요일: 오전 11:30 ~ 오후 9:30; 금요일: 오전 11:30 ~ 오후 9:30; 토요일: 오전 11:30 ~ 오후 9:30; 일요일: 오전 11:30 ~ 오후 9:30,4.5,45,대한민국 부산광역시 수영구 민락로27번길 30,8Q7F544C+J7,35.1565733,129.1207293,5,"점심먹으려고 방황하다 우연히 들린 위클리광안
화덕피자 맛집이라는데 지금(10.5일기준) 리뉴얼 중이라 피자는 전부 안된다하더라구요ㅜㅜ
그래서 여자3명이서
과카몰리 새우 타르틴, 크림뇨끼, 해산물토마토 리조또 시켰습니다

식전으로 호박죽? 비스무리한거 주셨는데
와 이거 너무 맛있더라구요, 근데 식전 서비스음식이라 간질맛 나긴 했습니당

저 세가지 음식 중 베",4,광안리 해변에서 안쪽으로 들어가면 나오는 이탈리안 식당이다. 해변에서 길을 건너 언덕을 올라가다보면 마치 서울 강남역 CGV뒷편 언덕길과 느낌이 비슷하다는 것이 느껴지지만 바로 또 뒤돌아 보면 바닷가가 보이면서 이런 생각이 사라지는 언덕길이다. 아무튼 이 매장은 건물 1층에 자리잡고 있지만 외부에 돌출된 간판이 없어 근처까지 가야 여기구나하고 알 수 있다.,4,"부산 광안리의 골목에서 발견한 보석같은 맛집이다
하우스 와인의 셀렉도 훌륭하고
각각의 음식들의 재료 풍미
플레이팅및 재료들의 수준도 높다
가벼운 식사를 위한 식당으로 세팅되어있어
디저트나 커피가 없었던데는 아쉬움이 남는다
인테리어도 군더더기가 없고
문앞의 코트 옷걸이라든지
의자옆의 가방을 둘수있는 수납함등의 사소한곳에서도
신경을 쓴 데 감동했다",5,"식전빵부터 메인식사까지 아주 만족했던 곳입니다. 뇨끼를 처음 먹어보는데, 느끼한 맛은 전혀 없고 크림과 트러플향이 아주 조화로워서 코와 혀를 대만족 시켰습니다. 피자도 개인 취향껏 시켰는데, 화덕피자 그 자체입니다.",5,"식전빵도 맛있고 나오는 요리가 전체적으로 좋았다
다음에 기회가 되면 또 와서 다른 음식도 먹어보고 싶은정도",2025-08-23T16:52:31.809575
사직 쿠루쿠루 스시,051-715-9944,"월요일: 오전 11:00 ~ 오후 2:00, 오후 5:00~10:00; 화요일: 오전 11:00 ~ 오후 2:00, 오후 5:00~10:00; 수요일: 오전 11:00 ~ 오후 2:00, 오후 5:00~10:00; 목요일: 오전 11:00 ~ 오후 2:00, 오후 5:00~10:00; 금요일: 오전 11:00 ~ 오후 2:00, 오후 5:00~10:00; 토요일: 오전 11:00 ~ 오후 10:00; 일요일: 오전 11:00 ~ 오후 10:00",3.9,41,대한민국 부산광역시 동래구 사직북로13번길 25 사직 쿠루쿠루 스시,8Q7F53W5+JP,35.196599,129.0592867,5,"봉추찜닭 사직동점은 사직야구장 먹자골목에 있습니다. 사직동은 점포세가 비싸서 진짜 맛집이 아니면, 오래 살아남기 힘든곳입니다.
봉추찜닭은 오래 되었어요.
먹자골목에서 오래 살아남은곳은 대부분 맛이 평타이상 하는 음식점들입니다.
간이 잘 맞고, 감자도 포슬포슬 맛있구요.
저는 아이들 먹기편하게 순살시켰는데,
다리살50% 가슴살50%인데 퍽퍽하지 않고 맛있어요",5,"뼈와 순살 모두 살이 야들야들해서 사직동 맛집으로 인정할 만 하다.
닭고기 양도 충분하고 2~3인이 가서 먹기에 제격이다.
단체 좌석 자리도 있어서 회식으로도 좋고 부담없는 가격인데,
안 맵게 조절도 가능하고 당면이나 밥도 푸짐하게 주셔서 만족스러웠다.
부산 사직 야구장, 아시아드를 방문하면 꼭 들려보길 추천한다!!!

#부산맛집 #사직맛집 #봉추찜닭",4,간장맛이라서 애들이 있는 가족이나 매운 맛을 별로 좋아하지 않는다면 조절이 가능하다 교통도 나쁘지 않고 사직야구장 근처라서 그런지 젊은이들도 많은 편이다 모임자리로도 적당할 듯 하다 실내도 심플하게 꾸며져 인테리어도 좋다,4,오랜만에 먹는 봉추찜닭! 역시나 맛있다,5,찜닭에 치즈추가해서 먹었는데 너무 맛있어용!!,2025-08-23T16:52:32.161695
승승축산 남포점,051-256-9136,월요일: 오전 11:30 ~ 오후 11:00; 화요일: 오전 11:30 ~ 오후 11:00; 수요일: 오전 11:30 ~ 오후 11:00; 목요일: 오전 11:30 ~ 오후 11:00; 금요일: 오전 11:30 ~ 오후 11:00; 토요일: 오전 11:30 ~ 오후 11:00; 일요일: 오전 11:30 ~ 오후 11:00,4.7,41,대한민국 부산광역시 중구 남포길 34,8Q7F32XM+82,35.0983478,129.0325092,5,"남포동에서 고기집 검색하다가 리뷰 좋길래 찾아갔는데 고기 부위도 넘 다양하고 이것저것 준비되어 있어서 넘 좋더라구요 ㅎㅎㅎ

샐러드바도 깔끔하게 유지되고 있구 그리고 된장찌개 사이드로 먹어주니까 마무리도 든든하니

넘 맛나서 나중에 놀러오면 한번 더 방문하려구 저장도 따로 해놨어요 !!!!!

보통 가성비 좋으면 고기질이 떨어지기 마련인데 그러지도 않구 넘",5,"소고기 모둠 여자친구랑 남포동 놀러가서 먹었는데 너무너무 잘 먹고 가서 리뷰 남겨용 ㅎㅎ 고기도 질이 되게 좋고 모둠으로 나와서 다양한 부위 이것저것 먹기도 넘넘 좋더라구요 !!! 잘 구워먹으면 입에서 살살 녹고~ 넘 맛나서 쏘맥이 아주 그냥 술술 들어가더라구요.... 둘이서 몇잔을 마셨는지 모르겠네요
그리고 샐러드바도 되게 청결하게 잘 되어 있어서 다양하",3,"가성비 고깃집.

1인분 만원 초중반까지 올라간 삼겹살 가격 대비 100g 5천원 수준으로 저렴한 가격대입니다.(부위에 따라 여느 고깃집과 비슷하기도 합니다.)

사실 큰 특색있는 고깃집은 아닌 것 같습니다. 가성비 하나만으로 편하게 가기 좋은 고깃집입니다.",5,"한우를 가성비 좋게 맛있게 먹었고, 깔끔한 가게가 너무 마음에 들었습니다
돼지고기도 먹으러 갈게요",5,여기 고기 질 좋고 진짜 맛있네요 쌈채소도 완전 신선하고 정말 맛있게 잘 먹었어요~~ 친절함도 좋았네요 강추 ^^,2025-08-23T16:52:32.513890
해강숯불갈비,050-71405-1455,월요일: 오전 10:40 ~ 오후 9:00; 화요일: 오전 10:40 ~ 오후 9:00; 수요일: 오전 10:40 ~ 오후 9:00; 목요일: 오전 10:40 ~ 오후 9:00; 금요일: 오전 10:40 ~ 오후 9:00; 토요일: 오전 10:40 ~ 오후 9:00; 일요일: 오전 10:40 ~ 오후 9:00,4.9,40,대한민국 부산광역시 중구 중구로48번길 10,8Q7F422H+VG,35.10214,129.0288426,5,"남포동에 갈비맛집이 있다고 해서 찾아왔는데
양념갈비, 오겹살 모두 맛있어요
한번 초벌해 나왔는데 불향도 나면서 잡내 하나도 없어서
양념갈비 고기가 야들야들 부드럽고 맛있어요
숙주랑 같이 구워주시니 더욱 식감도 굿굿굿
사리나 볶음밥으로 마무리해도👍🏻
후식혜는 진짜 찐입니다ㅏㅏ❤️
깔끔하고 맛있는집 찾으시면 추천합니당~!",5,"제가 부산에서 제일 좋아하는 고기집입니다.
오겹살 드시고 양념갈비 드세요 3,4인 가셔서 여러가지 맛 보시는게 베스트인데 특히 오겹살 양념갈비 잊지마세요

here is the best korean barbecue restaurant in busan. i recommand porkbelly(o-gyeop-sal) first and then yangnyeon",5,"남포동같지 않은 깔끔하고 고급진 분위기에 먹기 전부터 기분이 좋았어요 ㅎ
사장님도 친절하시고 너무 바쁘지 않으면 고기도 구워주신다고 하세요! 저희 고기도 다 구워주심 ㅠㅠ
생갈비 1인분만 먹으려고 했는데 넘 맛있어서 1인분 바로 추가하고ㅋㅋㅋㅋㅋ 돼지갈비는 다 구워주신 후에 숙주도 주시더라구요!!
아 쌈채소에 당귀있는거 보고 사장님 배우신분이란거 느꼈습니다",5,"일요일 점심에 갈비를 먹으러 갔습니다
시간대는 정각12시쯤 웨이팅 없이 다행히 식사를 할수 있었고 어는정도 초벌된 고기에 전문가가 직접 구워서주니 편하였습니다
갈비를 좋아하는 편이지만 고기의 질이 정말 좋은게 느껴졌구요 숯불향이 잘베여있고 양념의 맛도 정말 좋았습니다 양념을 먹을시에 감자사리를 추가 할수있는데 쫀득하고 양념하고 잘어우러져 좋았던것 같네요 부",5,남포동대표돼지갈비맛집 너무 맛있고 친절해요,2025-08-23T16:52:32.881800
화덕으로간고등어 광안리수변공원점,051-751-7781,월요일: 오전 11:00 ~ 오후 9:00; 화요일: 오전 11:00 ~ 오후 9:00; 수요일: 오전 11:00 ~ 오후 9:00; 목요일: 오전 11:00 ~ 오후 9:00; 금요일: 오전 11:00 ~ 오후 9:00; 토요일: 오전 11:00 ~ 오후 9:00; 일요일: 오전 11:00 ~ 오후 9:00,4.9,38,대한민국 부산광역시 수영구 민락수변로 147 2층,8Q7F544M+PQ,35.1567946,129.1344778,5,"광안리에서 깔끔하고 든든한 한 끼를 원한다면 화덕으로 간 고등어 광안점 추천합니다. 화덕에서 구운 고등어는 껍질은 바삭하고 속은 촉촉해 정말 맛있습니다. 특히 반찬 셀프바가 있어서 원하는 반찬을 마음껏 가져다 먹을 수 있는 점이 큰 장점이에요. 깔끔하게 잘 관리되어 있어 위생 걱정 없이 이용할 수 있고, 종류도 다양해서 입맛에 맞게 골라 먹는 재미가 있습니",5,"아이랑 외식으로도 너무 좋은곳이에요 두돌아기 입맛에 꼭 들어맞았는지 너무 맛있게 잘먹더라구요 : ) 화덕 갈치구이 정식과 ,화덕 영광굴비 정식, 수제떡갈비를 주문했어요 ⭐️ 메인 포인트는 뭐니 뭐니 해도
500도 화덕에서 구워 낸 생선이에요 ! 팬 구이랑 완전히 다르게 바삭하면서도 담백한 맛이 일품이었어요👍🏻수제떡갈비도 지금까지 먹어봤던 떡갈비랑은 차원이 ",5,"가성비 최고 한식뷔페 + 생선구이집
매장이 넓은데 사람들 꽉차있는 이유가있었어요 찐 맛집 인정합니다!",5,생선구이가 땡겨서 방문했는데 너무맛있습니다!! 기본 반찬들도 정갈한데다 셀프바에가면 더욱 다양한 반찬들이 많더라구요~~음식들이 하나같이 너무맛있었고 생선구이는 화덕에 구워서 아주 겉바속촉 제대로였어요!! 인테리어도 깔끔하고 룸도 다양하게 구비되어 있어서 부모님 모시고 외식하러오기도 넘 좋은곳이네요~~,5,"와 진짜 진심으로 추천하는 매장입니다
매장분위기 뷰 너무 좋구요
직원분들도 친절하고 셀프코너가 뷔페수준으로
메뉴종류나 퀄리티도 만족스러웠어요!
메인생선구이도 화덕구이라 담백하고 맛있고
제육도 전문점 수준 이상이네요👍",2025-08-23T16:52:33.249052
피즈클럽,,월요일: 오전 10:00 ~ 오후 6:00; 화요일: 오전 10:00 ~ 오후 6:00; 수요일: 휴무일; 목요일: 오전 10:00 ~ 오후 6:00; 금요일: 오전 10:00 ~ 오후 6:00; 토요일: 오전 10:00 ~ 오후 6:00; 일요일: 오전 10:00 ~ 오후 6:00,5.0,38,대한민국 부산광역시 수영구 수영로522번길 53 1 층,8Q7F5427+PV,35.1518501,129.114632,5,"친정인 부산 갈때마다 가는 곳
1년에 2-3번이 전부인게 너무 아쉬운 곳 ㅎ

우리아들들입에 세상에서 가장 맛있는 파스타!
라구파스타 크림으로 이렇게 맛있는 곳은 아짓 못찾음!!

늘상먹는 타코도 큰아들혼자 1판 뚝딱!
이번에 처음먹어보는 새우파스타도 맛났고
치킨샐러드의 치킨이 완죤 내스타일

바닷가 걸어서 금방이라 바다보러 겸사겸사 가게됨
몇개월에 한번씩",5,광안리 파스타로 잘 알려진 피즈클럽입니다. 타코와 파스타는 과히 최고라고 할 정도로 정말 맛있었습니다. 자몽에이드도 맛있었고 더군다나 분위기가 쾌적합니다. 기분좋은 음악이 배경을 채워주는 느낌입니다. 추천합니다!,5,"광안리에서 브런치 먹고 싶다면 여기로
무조건 올거에요 너무 맛있어요!!
타코랑 파스타 짱맛입니다 : )
친절하고 내부 분위기도 좋아요 ~~~~",5,광안리맛집을 찾다가 발견한 브런치맛집🤎 파스타가 맛있다고 해서 헴쵸비오일파스타 시켜봣는데 진짜 기가막히게 맛있더라고요 ㅠㅠㅠ 후무스도 너무맛있고 같이나온빵까지 기대이상 상상이상으로 맛있어요!!!!! 광안리맛집 찾는다면 고민없이 피즈클럽 추천드려요💯💯💯💯🫶🏻🫶🏻🫶🏻 진짜 맛있음..✨✨✨,5,"파스타 맛집임..꾸덕 파스타류에 일가견이 있으시고 연두색 파스타 강추. 매장 역시 광안리에 있는 가게 답게 넘 키치하고 힙하고 예쁨! 오전 10시부터 영업하는 브런치집이라 아침부터 타코랑 파스타 먹어서 행복했음. 사진 잘 나옴 ㅎㅎ
주차는 매장 앞 가능하니까 미리 전화해보는 거 추천!",2025-08-23T16:52:33.629906
천지를먹다 서면부전본점,050-71365-8981,"월요일: 오전 11:00 ~ 오후 2:30, 오후 4:00~10:30; 화요일: 휴무일; 수요일: 오전 11:00 ~ 오후 2:30, 오후 4:00~10:30; 목요일: 오전 11:00 ~ 오후 2:30, 오후 4:00~10:30; 금요일: 오전 11:00 ~ 오후 2:30, 오후 4:00~10:30; 토요일: 오전 11:00 ~ 오후 2:30, 오후 4:00~10:30; 일요일: 오전 11:00 ~ 오후 2:30, 오후 4:00~10:30",4.8,34,대한민국 부산광역시 부산진구 전포동 878-20 천지를먹다 1층,8Q7F5367+C5,35.1610191,129.0629234,5,"광어 물회와 한우 채끝육회 비빔밥으로 먹어 주는데 모두 매력적여서 기분 좋게 식사하고 나올 수 있었어요!
특히 광어물회의 성게알육수 베이스가 정말 매력적이어서 더욱 맛있게 먹었습니다❤️
육회비빔밥에 있는 육회는 육회 자체로도 최고~! 비벼먹으면 정망 맛있었어요",5,"육회와 해물을 다 사랑하는 저에게 이것들을 물회로 즐길수있는 것 도 너무 행복한데, 맛은 또 역대중 역대급이였습니다.. 성게알 들어있는 달콤 새콤 하면서도 무게감있는 육수의 맛이 진짜 일품이였습니다. 사장님이 제대로 이를 갈았다는 말 밖에 나오지 않았어요 ..!

부산 가면 또 꼭 들려보아야할 맛집 입니다. 육회와 해산물 좋아하는 분들 다 추천이고, 술안주",5,"티비 방송출연한 맛집이라 방문해봤어요!!
육회 물회 너무 맛있구..
회도 쫀득쫀득 고소하니 넘 맛있었습니다🩷
완전 육회맛집이고 또 먹고 싶어요",5,"가게 상호부터 심상찮은 느낌이고요
들어가니 손님이 가득가득
유명한 분들은 이미 다 알고 많이들 방문하셨더라고요
육회랑 방어 먹어봤는데 이곳이 왜이렇게 인기가 많은지 알수있었어요
정말 쫄깃쫄깃하고 입에서 살살녹아내리는 느낌!!!
육회도 무려 채끝살로 만들어주시고
그냥 밑반찬부터 메인 친절 청결까지 뭐하나 나무랄곳이 없는 이곳  강력추천드립니당!!",5,"음식도 넘 맛있는데
결식아동까지 후원하는 따뜻한 맛집 천지를 먹다
방어먹으러 방문했지만, 나머지 모든 것들이
좋았돈 곳이라 다음에 육회나 연어 먹으러
재방문할 것 같네요ㅎㅎ
회식이나 단체모임하기에도 충분해보였으니
이번 겨울 기름기 쫙 오른 방어먹으러
방문해보시는 거 추천드립니다",2025-08-23T16:52:33.978823
코심,050-71319-5791,월요일: 오전 10:00 ~ 오후 8:00; 화요일: 오전 10:00 ~ 오후 8:00; 수요일: 오전 10:00 ~ 오후 8:00; 목요일: 오전 10:00 ~ 오후 8:00; 금요일: 오전 10:00 ~ 오후 8:00; 토요일: 오전 10:00 ~ 오후 8:00; 일요일: 휴무일,4.9,34,대한민국 부산광역시 중구 중구로33번길 33-1,8Q7F422G+8C,35.10086580000001,129.0260081,5,"한상차림이 정갈하니 너무 좋아요.
용기도 너무 예쁘고ㅋㅋ
각 반찬도 적당히 주시고 맛도 좋아요.
단밤 후식으로 너무 맛있게 잘먹어요!밤호박죽은 적당히 달면서 깔끔한 맛이에요.
그리고 건더기가 많은 호박죽 안좋아하는데
이건 엄청 갈아만든 느낌이에요.안에 옹심이도 들었어요!
쫀득쫀득 옹심이도 너무 잘 어울리더라구요~
위에 올라간 견과류도 한번씩 씹히면서
고소하",5,깔끔한 한상 정식 스타일에 가성비도 좋았어요. 국내산 서리태 콩국수가 7천원이라니ㅠㅠ 심지어 진하고 고소한 콩국물까지 정말 맛있네요! 팥칼국수도 같이 먹었는데 칼국수도 맛나요. 콩물은 갈때 포장도 했어요ㅎㅎ,5,"부산 콩국수 맛집으로 고소하고 담백하면서 콩의비린내없이 진한맛을 느낄수있는곳!! 면도 쫄깃쫄깃하고 콩국수 국물이 정말 크리미해요 최애 콩국수집!
전통죽도 맛있는곳으로 2명에서 오면 죽1개 콩국수1개 주문해서 드시는거 추천드려용",5,부산 깡통시장 맛집으로 강추해요! 콩국수 콩죽 둘다 고소해서 넘넘 맛있어요ㅠ자극적이지 않고 콩의 본연의 맛을 잘 살려서 좋아요 남포동 현지인 어르신 맛집인 곳이라 믿고 가세요! 제가 정말 애정하는 곳이랍니다~,5,"남포동 깡통시장에 이런 곳이 있을 줄 몰랐네요. 이름처럼 정말 고소하고 담백한 맛이 그대로 살아있습니다.

서리태콩국수는 비린 맛 없이 묽지만 깊고 깔끔한 콩 향이 느껴져서 너무 맛있었고, 들깨칼국수는 고소함의 끝판왕! 먹어본 들깨칼국수 중 단연 1등이었어요.

시장 안에 있지만 리모델링해서 깔끔하고, 어르신 단골이 많은 이유를 알겠더라구요. 가격도 너무 ",2025-08-23T16:52:34.353769
산반들 돼지국밥 서면 전포카페거리 본점,010-3900-9876,월요일: 오전 11:00 ~ 오후 8:30; 화요일: 오전 11:00 ~ 오후 8:30; 수요일: 오전 11:00 ~ 오후 8:30; 목요일: 오전 11:00 ~ 오후 8:30; 금요일: 오전 11:00 ~ 오후 8:30; 토요일: 오전 11:00 ~ 오후 8:30; 일요일: 오전 11:00 ~ 오후 8:30,4.9,32,대한민국 부산광역시 부산진구 전포대로209번길 43 산반들 1층,8Q7F5347+44,35.155333,129.0627983,5,"국물이 진짜 진국이었고, 일반적인 돼지국밥과는 다르게 된장 베이스 육수라 그런지 색이 확실히 진했어요. 맛보기수육 같은 경우는 잡내도 적고,
두께감이 얇은 편이었고, 부드러운 식감과 담백한 맛이 매력적이었어요. 직화 방식의 수육이라서 불향도 꽤 느껴졌고, 양파와 부추를 얹어먹으니
간이 딱 맞았어요. 전포혼밥맛집 찾으신다면 산반들돼지국밥 추천드려요!

​",4,"매콤국밥에 반숙란+숙주 추가하니 감칠맛 폭발!
잠봉고기 진짜 미쳤어요… 이건 국밥 아닌 요리급👏
국물은 깔끔하면서도 깊고, 끝까지 안 물림.
사이드 닭튀김은 가라아게 그 자체! 겉바속촉 인정.
혼밥,혼술 모두가능. 가격이 넘 저렴해서 자주 방문할듯!",5,"돼지국밥은 진한 육수에 반숙계란 토핑까지 더해져 맛이 깔끔하고 깊어요.
얼큰국밥은 맵기 조절도 가능해서 취향껏 즐길 수 있었고요.
사이드로 먹은 교자만두와 가라야케도 만족스러웠어요.
가성비, 맛, 분위기 모두 만족했던 국밥집
꼭 드셔보세요",5,"부산에 오면 돼지국밥 먹어봐야죠 하고 국밥집 찾던중 이색적인 곳이 있어 다녀왔어요 일본라면에 면 빼고 밥 들어간 느낌, 맛있고 가성비도 좋아서 그런지 사람들이 엄청 많더라고요 직원분들도 친절하셔서 부산에 살면 자주 오고 싶은 곳이에요ㅎㅎ",5,국밥 특이하고 너무 맛있었어요. 가성비도 좋고 혼밥 또는 데이트장소로도 추천합니다. 왕교자도 꼭 드셔보세요.,2025-08-23T16:52:34.742739
부산 서면 닭갈비 맛집 | 장인닭갈비 서면점 | Busan Seomyeon JangIn Dakgalbi Restaurants | 職人チキンリブ釜山西面店 | 釜山手工烤鸡排,051-805-6739,월요일: 오전 11:00 ~ 오전 2:00; 화요일: 오전 11:00 ~ 오전 2:00; 수요일: 오전 11:00 ~ 오전 2:00; 목요일: 오전 11:00 ~ 오전 2:00; 금요일: 오전 11:00 ~ 오전 2:00; 토요일: 오전 11:00 ~ 오전 2:00; 일요일: 오전 11:00 ~ 오전 2:00,5.0,29,대한민국 부산광역시 부산진구 부전동 중앙대로692번길 46 1층,8Q7F5336+QC,35.1544482,129.0610182,5,"서면에서 먹는 닭갈비라니
너무 맛있어서 놀랬어요

또 먹으러 갈거에요",5,"깨끗한공간에 매콤한닭갈비 정말 맛있어요
부산여행중에 최고맛집!!",5,음식이 맛있어요,5,서면에서 처음 맛 본 장인닭갈비의 맛은 부산에서 맛 볼 수 없는 닭갈비의 맛이었어요!!,5,맛있습니다,2025-08-23T16:52:35.100343
남포브릿지,010-3499-0603,월요일: 오전 11:30 ~ 오후 8:00; 화요일: 오전 11:30 ~ 오후 8:00; 수요일: 오전 11:30 ~ 오후 8:00; 목요일: 오전 11:30 ~ 오후 8:00; 금요일: 오전 11:30 ~ 오후 8:00; 토요일: 오전 11:30 ~ 오후 8:00; 일요일: 오전 11:30 ~ 오후 8:00,4.9,26,대한민국 부산광역시 중구 용미길9번길 5,8Q7F32WP+R4,35.0970401,129.0353078,5,"1인 쉐프가 운영하는 이탈리아 식당.
테이블은 세개 밖에 없어서 미리 예약해야 함.
고기 안들어간 버섯피자가 그렇게 맛있을수가.
전체적으로 음식 만족도가 아주 높음.",5,오랜만에 정말 만족스러운 이탈리아 음식을 즐길 수있었던 곳입니다..오너쉐프 1인으로 운영되며 음식에 정성이 느껴집니다..테이블이 세개 뿐이라 예약은 필수인듯 합니다..,5,"작고 아담한 이탈리안 레스토랑이네요. 음식도 맛있고, 이야기하며 시간 보내기 좋았어요.",4,"이탈리안 가정식 맛있었어요.
음료도 함께 나와서 더 좋았습니다.
평범하지만 그래서 물리지 않았어요. 다음에 모임이 있으면 또 갈 듯 합니다.",5,음식도 분위기. 서비스도 굿 입니다.,2025-08-23T16:52:35.460558
1969부원동칼국수 부산본점,051-242-9909,월요일: 오전 10:50 ~ 오후 7:30; 화요일: 오전 10:50 ~ 오후 7:30; 수요일: 오전 10:50 ~ 오후 7:30; 목요일: 오전 10:50 ~ 오후 7:30; 금요일: 오전 10:50 ~ 오후 7:30; 토요일: 오전 10:50 ~ 오후 7:30; 일요일: 오전 10:50 ~ 오후 7:30,4.8,26,대한민국 부산광역시 중구 남포동2가 구덕로22번길 3 1층,8Q7F32XM+57,35.0979275,129.0331436,5,해장으로 들른 칼국수집입니다. 지나다 우연히 방문했어요. 칼국수랑 교자만두 시켰는데 국수양이 엄청 많네요. 국물 진하고 시원해요. 물과 반찬 셀프입니다. 개인적으로 칼국수에 겉절이를 좋아하는데 이 곳은 깍두기와 단무지만 있어서 쪼금 아쉬웠네요. 김치 제외 음식맛은 너무 좋았습니다!!,5,일단 국물이 시원하네요. 거기서 이미...,5,"해물 국수 정말 맛있고, 나오는 속도도 아주 빨라요. 추운 날씨에 따뜻한 국수를 먹으면 맛도 좋고 따뜻해요. 메뉴는 네 가지밖에 없어서 고민할 필요 없어요. 만두는 차가운 국수를 별로 안 좋아해서 그냥 먹어도 괜찮아요.",5,"이 국수집은 정말 대단해요! 우선, 그들의 국수는 잘 알려진 31cm 칼국수보다 훨씬 맛있습니다. 이들은 더 쫄깃한 질감과 더 풍부한 향을 가지고 있습니다. 한 입 한 입마다 셰프의 헌신을 느낄 수 있습니다. 제가 가장 놀랐던 것은 재료였는데, 특히 가리비와 홍합이 푸짐하게 들어 있었습니다. 껍질을 미리 제거했기 때문에 전체적인 모습은 그렇게 과장되지 않지",5,"1969 부원동 칼국수 부산본점(1969부원동 칼국수 부산본점)은 부산광역시 중구 구덕로 22번길 3, 1층에 위치한 유명 국수 전문점입니다. 신선한 수제 칼국수에 굴과 가리비를 비롯한 푸짐한 해산물을 얹은 칼국수가 유명합니다. 매일 오전 11시부터 오후 7시 30분까지 운영하며, 부원 칼국수와 비빔 칼국수를 각각 9,000원에 제공합니다. 신선한 재료를 ",2025-08-23T16:52:35.823024
돌판화주 부산서면본점,051-816-1633,월요일: 오후 3:00 ~ 오전 3:00; 화요일: 오후 3:00 ~ 오전 3:00; 수요일: 오후 3:00 ~ 오전 3:00; 목요일: 오후 3:00 ~ 오전 3:00; 금요일: 오후 3:00 ~ 오전 3:00; 토요일: 오후 3:00 ~ 오전 3:00; 일요일: 오후 2:00 ~ 오전 1:00,5.0,24,대한민국 부산광역시 부산진구 중앙대로680번가길 59 1층,8Q7F5346+C7,35.1560893,129.0607398,5,"서면에 신상 맛집이라해서 방문해봤어요 !
일단 안주가 제가 좋아하는 스딸...
매콤달달한 등갈비 ㅠㅠ 이게 세트로 되어있어서
이것저것 가성비 먹기 좋고 분위기도 좋아서 데이트 장소로도 좋은것같아용",5,돌판 곱도리탕 먹었는데 양도 많고 맛도 좋았습니다 원래도 곱도리탕을 좋아해서 자주 먹는데 정말 맛도리 맛집이었어요. 함께한 지인들도 다른 지인들 데리고 와야겠다고 이야기를 하네요. 서면이라 위치도 좋아요^^,5,서면 돌판등갈비세트 완전 중독적인맛이에요!! 먹고 반해버렸답니다 본점이라서 그런지 완전 특색있어요!! 담번에 서면가면 또 방문할게용 ㆅㆅ,5,"간만에 서면 나갔다가 돌판등갈비가 신기해서 먹어봤어요!
고기 바르는 것도 쉽고 먹기 좋게 잘 나와서 배불리 먹었습니다ㅎㅎ
서면 나가면 또 방문할 것 같아요!",5,"돌판으로 구워낸 등갈비가 야들야들하면서 양념도 깊게 배어 있어 간도 딱 맞더라고요. 주먹밥과 함께 먹으니 고기의 맛이 더욱 살아나서 만족스러웠어요  .
푸짐하게 붙어 있는 살이 가성비를 더해줬고, 돌판 특유의 고소한 풍미 덕분에 한층 더 맛있게 느껴졌어요  .",2025-08-23T16:52:36.188507
